time,p_delta,p_grid,berlin_server_1.p,berlin_server_2.p,berlin_server_3.p,berlin_solar_1.p,berlin_solar_2.p,berlin_solar_3.p,policy.mode,policy.charge_power,storage.soc,storage.charge_level,storage.capacity,storage.min_soc,storage.c_rate
2022-06-15 00:00:00,-900.0,0.0,-400,-300,-200,0.0,0.0,0.0,grid-connected,0.0,0.65,2275.0,3500,0.1,
2022-06-15 00:05:00,-570.0,0.0,-253.33333333333331,-190.0,-126.66666666666666,0.0,0.0,0.0,grid-connected,0.0,0.6285714285714286,2200.0,3500,0.1,
2022-06-15 00:10:00,-570.0,0.0,-253.33333333333331,-190.0,-126.66666666666666,0.0,0.0,0.0,grid-connected,0.0,0.615,2152.5,3500,0.1,
2022-06-15 00:15:00,-570.0,0.0,-253.33333333333331,-190.0,-126.66666666666666,0.0,0.0,0.0,grid-connected,0.0,0.6014285714285714,2105.0,3500,0.1,
2022-06-15 00:20:00,-570.0,0.0,-253.33333333333331,-190.0,-126.66666666666666,0.0,0.0,0.0,grid-connected,0.0,0.5878571428571429,2057.5,3500,0.1,
2022-06-15 00:25:00,-570.0,0.0,-253.33333333333331,-190.0,-126.66666666666666,0.0,0.0,0.0,grid-connected,0.0,0.5742857142857143,2010.0,3500,0.1,
2022-06-15 00:30:00,-570.0,0.0,-253.33333333333331,-190.0,-126.66666666666666,0.0,0.0,0.0,grid-connected,0.0,0.5607142857142857,1962.5,3500,0.1,
2022-06-15 00:35:00,-570.0,0.0,-253.33333333333331,-190.0,-126.66666666666666,0.0,0.0,0.0,grid-connected,0.0,0.5471428571428572,1915.0,3500,0.1,
2022-06-15 00:40:00,-570.0,0.0,-253.33333333333331,-190.0,-126.66666666666666,0.0,0.0,0.0,grid-connected,0.0,0.5335714285714286,1867.5,3500,0.1,
2022-06-15 00:45:00,-570.0,0.0,-253.33333333333331,-190.0,-126.66666666666666,0.0,0.0,0.0,grid-connected,0.0,0.52,1820.0,3500,0.1,
2022-06-15 00:50:00,-570.0,0.0,-253.33333333333331,-190.0,-126.66666666666666,0.0,0.0,0.0,grid-connected,0.0,0.5064285714285715,1772.5,3500,0.1,
2022-06-15 00:55:00,-570.0,0.0,-253.33333333333331,-190.0,-126.66666666666666,0.0,0.0,0.0,grid-connected,0.0,0.4928571428571429,1725.0,3500,0.1,
2022-06-15 01:00:00,-570.0,0.0,-253.33333333333331,-190.0,-126.66666666666666,0.0,0.0,0.0,grid-connected,0.0,0.47928571428571426,1677.5,3500,0.1,
2022-06-15 01:05:00,-570.0,0.0,-253.33333333333331,-190.0,-126.66666666666666,0.0,0.0,0.0,grid-connected,0.0,0.4657142857142857,1630.0,3500,0.1,
2022-06-15 01:10:00,-570.0,0.0,-253.33333333333331,-190.0,-126.66666666666666,0.0,0.0,0.0,grid-connected,0.0,0.4521428571428571,1582.5,3500,0.1,
2022-06-15 01:15:00,-570.0,0.0,-253.33333333333331,-190.0,-126.66666666666666,0.0,0.0,0.0,grid-connected,0.0,0.43857142857142856,1535.0,3500,0.1,
2022-06-15 01:20:00,-570.0,0.0,-253.33333333333331,-190.0,-126.66666666666666,0.0,0.0,0.0,grid-connected,0.0,0.425,1487.5,3500,0.1,
2022-06-15 01:25:00,-570.0,0.0,-253.33333333333331,-190.0,-126.66666666666666,0.0,0.0,0.0,grid-connected,0.0,0.4114285714285714,1440.0,3500,0.1,
2022-06-15 01:30:00,-570.0,0.0,-253.33333333333331,-190.0,-126.66666666666666,0.0,0.0,0.0,grid-connected,0.0,0.39785714285714285,1392.5,3500,0.1,
2022-06-15 01:35:00,-570.0,0.0,-253.33333333333331,-190.0,-126.66666666666666,0.0,0.0,0.0,grid-connected,0.0,0.3842857142857143,1345.0,3500,0.1,
2022-06-15 01:40:00,-570.0,0.0,-253.33333333333331,-190.0,-126.66666666666666,0.0,0.0,0.0,grid-connected,0.0,0.3707142857142857,1297.5,3500,0.1,
2022-06-15 01:45:00,-570.0,0.0,-253.33333333333331,-190.0,-126.66666666666666,0.0,0.0,0.0,grid-connected,0.0,0.35714285714285715,1250.0,3500,0.1,
2022-06-15 01:50:00,-570.0,0.0,-253.33333333333331,-190.0,-126.66666666666666,0.0,0.0,0.0,grid-connected,0.0,0.3435714285714286,1202.5,3500,0.1,
2022-06-15 01:55:00,-570.0,0.0,-253.33333333333331,-190.0,-126.66666666666666,0.0,0.0,0.0,grid-connected,0.0,0.33,1155.0,3500,0.1,
2022-06-15 02:00:00,-570.0,0.0,-253.33333333333331,-190.0,-126.66666666666666,0.0,0.0,0.0,grid-connected,0.0,0.31642857142857145,1107.5,3500,0.1,
2022-06-15 02:05:00,-570.0,0.0,-253.33333333333331,-190.0,-126.66666666666666,0.0,0.0,0.0,grid-connected,0.0,0.3028571428571429,1060.0,3500,0.1,
2022-06-15 02:10:00,-570.0,0.0,-253.33333333333331,-190.0,-126.66666666666666,0.0,0.0,0.0,grid-connected,0.0,0.2892857142857143,1012.5,3500,0.1,
2022-06-15 02:15:00,-570.0,0.0,-253.33333333333331,-190.0,-126.66666666666666,0.0,0.0,0.0,grid-connected,0.0,0.2757142857142857,965.0,3500,0.1,
2022-06-15 02:20:00,-570.0,0.0,-253.33333333333331,-190.0,-126.66666666666666,0.0,0.0,0.0,grid-connected,0.0,0.2621428571428571,917.5,3500,0.1,
2022-06-15 02:25:00,-570.0,0.0,-253.33333333333331,-190.0,-126.66666666666666,0.0,0.0,0.0,grid-connected,0.0,0.24857142857142858,870.0,3500,0.1,
2022-06-15 02:30:00,-570.0,0.0,-253.33333333333331,-190.0,-126.66666666666666,0.0,0.0,0.0,grid-connected,0.0,0.235,822.5,3500,0.1,
2022-06-15 02:35:00,-570.0,0.0,-253.33333333333331,-190.0,-126.66666666666666,0.0,0.0,0.0,grid-connected,0.0,0.22142857142857142,775.0,3500,0.1,
2022-06-15 02:40:00,-570.0,0.0,-253.33333333333331,-190.0,-126.66666666666666,0.0,0.0,0.0,grid-connected,0.0,0.20785714285714285,727.5,3500,0.1,
2022-06-15 02:45:00,-570.0,0.0,-253.33333333333331,-190.0,-126.66666666666666,0.0,0.0,0.0,grid-connected,0.0,0.19428571428571428,680.0,3500,0.1,
2022-06-15 02:50:00,-570.0,0.0,-253.33333333333331,-190.0,-126.66666666666666,0.0,0.0,0.0,grid-connected,0.0,0.18071428571428572,632.5,3500,0.1,
2022-06-15 02:55:00,-570.0,0.0,-253.33333333333331,-190.0,-126.66666666666666,0.0,0.0,0.0,grid-connected,0.0,0.16714285714285715,585.0,3500,0.1,
2022-06-15 03:00:00,-570.0,0.0,-253.33333333333331,-190.0,-126.66666666666666,0.0,0.0,0.0,grid-connected,0.0,0.15357142857142858,537.5,3500,0.1,
2022-06-15 03:05:00,-570.0,0.0,-253.33333333333331,-190.0,-126.66666666666666,0.0,0.0,0.0,grid-connected,0.0,0.14,490.0,3500,0.1,
2022-06-15 03:10:00,-559.905,0.0,-253.33333333333331,-190.0,-126.66666666666666,4.038,3.3649999999999998,2.692,grid-connected,0.0,0.12642857142857142,442.5,3500,0.1,
2022-06-15 03:15:00,-1307.61,0.0,-600.0,-450.0,-300.0,16.956,14.129999999999999,11.304,grid-connected,0.0,0.1130975,395.84125,3500,0.1,
2022-06-15 03:20:00,-1274.655,-757.5149999999998,-600.0,-450.0,-300.0,30.137999999999998,25.115,20.092,grid-connected,0.0,0.1,350.0,3500,0.1,
2022-06-15 03:25:00,-1243.2900000000002,-1274.6550000000002,-600.0,-450.0,-300.0,42.684,35.57,28.456,grid-connected,0.0,0.1,350.0,3500,0.1,
2022-06-15 03:30:00,-1214.3475,-1243.29,-600.0,-450.0,-300.0,54.260999999999996,45.217499999999994,36.174,grid-connected,0.0,0.1,350.0,3500,0.1,
2022-06-15 03:35:00,-1188.5775,-1214.3475,-600.0,-450.0,-300.0,64.569,53.807500000000005,43.046,grid-connected,0.0,0.1,350.0,3500,0.1,
2022-06-15 03:40:00,-1165.8825000000002,-1188.5775,-600.0,-450.0,-300.0,73.647,61.3725,49.098000000000006,grid-connected,0.0,0.1,350.0,3500,0.1,
2022-06-15 03:45:00,-1144.7925,-1165.8825,-600.0,-450.0,-300.0,82.083,68.4025,54.722,grid-connected,0.0,0.1,350.0,3500,0.1,
2022-06-15 03:50:00,-1126.3275,-1144.7925,-600.0,-450.0,-300.0,89.469,74.55749999999999,59.646,grid-connected,0.0,0.1,350.0,3500,0.1,
2022-06-15 03:55:00,-1113.735,-1126.3275,-600.0,-450.0,-300.0,94.506,78.75500000000001,63.004000000000005,grid-connected,0.0,0.1,350.0,3500,0.1,
2022-06-15 04:00:00,-1104.465,-1113.735,-600.0,-450.0,-300.0,98.21400000000001,81.84500000000001,65.47600000000001,grid-connected,0.0,0.1,350.0,3500,0.1,
2022-06-15 04:05:00,-1085.0775,-1104.465,-600.0,-450.0,-300.0,105.969,88.3075,70.646,grid-connected,0.0,0.1,350.0,3500,0.1,
2022-06-15 04:10:00,-1049.3025,-1085.0775,-600.0,-450.0,-300.0,120.279,100.23249999999999,80.18599999999999,grid-connected,0.0,0.1,350.0,3500,0.1,
2022-06-15 04:15:00,-1001.4899999999999,-1049.3025,-600.0,-450.0,-300.0,139.404,116.17,92.936,grid-connected,0.0,0.1,350.0,3500,0.1,
2022-06-15 04:20:00,-980.3475000000002,-1001.49,-600.0,-450.0,-300.0,147.861,123.21749999999999,98.574,grid-connected,0.0,0.1,350.0,3500,0.1,
2022-06-15 04:25:00,-995.2875,-980.3475,-600.0,-450.0,-300.0,141.885,118.2375,94.58999999999999,grid-connected,0.0,0.1,350.0,3500,0.1,
2022-06-15 04:30:00,-1033.2225,-995.2875,-600.0,-450.0,-300.0,126.71099999999998,105.59249999999999,84.47399999999999,grid-connected,0.0,0.1,350.0,3500,0.1,
2022-06-15 04:35:00,-1065.3600000000001,-1033.2225,-600.0,-450.0,-300.0,113.856,94.88,75.904,grid-connected,0.0,0.1,350.0,3500,0.1,
2022-06-15 04:40:00,-1078.5674999999999,-1065.36,-600.0,-450.0,-300.0,108.57300000000001,90.4775,72.382,grid-connected,0.0,0.1,350.0,3500,0.1,
2022-06-15 04:45:00,-1078.6950000000002,-1078.5675,-600.0,-450.0,-300.0,108.52199999999999,90.43499999999999,72.348,grid-connected,0.0,0.1,350.0,3500,0.1,
2022-06-15 04:50:00,-1070.565,-1078.695,-600.0,-450.0,-300.0,111.774,93.145,74.516,grid-connected,0.0,0.1,350.0,3500,0.1,
2022-06-15 04:55:00,-1034.3999999999999,-1070.565,-600.0,-450.0,-300.0,126.24,105.2,84.16,grid-connected,0.0,0.1,350.0,3500,0.1,
2022-06-15 05:00:00,-971.7149999999999,-1034.4,-600.0,-450.0,-300.0,151.314,126.095,100.87599999999999,grid-connected,0.0,0.1,350.0,3500,0.1,
2022-06-15 05:05:00,-899.1224999999998,-971.715,-600.0,-450.0,-300.0,180.351,150.2925,120.234,grid-connected,0.0,0.1,350.0,3500,0.1,
2022-06-15 05:10:00,-825.5700000000002,-899.1225,-600.0,-450.0,-300.0,209.772,174.81,139.848,grid-connected,0.0,0.1,350.0,3500,0.1,
2022-06-15 05:15:00,-748.5825,-825.57,-600.0,-450.0,-300.0,240.56699999999998,200.4725,160.378,grid-connected,0.0,0.1,350.0,3500,0.1,
2022-06-15 05:20:00,-663.1799999999998,-748.5825,-600.0,-450.0,-300.0,274.728,228.94,183.15200000000002,grid-connected,0.0,0.1,350.0,3500,0.1,
2022-06-15 05:25:00,-569.355,-663.18,-600.0,-450.0,-300.0,312.258,260.215,208.172,grid-connected,0.0,0.1,350.0,3500,0.1,
2022-06-15 05:30:00,-467.93999999999994,-569.355,-600.0,-450.0,-300.0,352.824,294.02000000000004,235.216,grid-connected,0.0,0.1,350.0,3500,0.1,
2022-06-15 05:35:00,-358.27500000000015,-467.94,-600.0,-450.0,-300.0,396.68999999999994,330.575,264.46,grid-connected,0.0,0.1,350.0,3500,0.1,
2022-06-15 05:40:00,-240.68999999999983,-358.275,-600.0,-450.0,-300.0,443.72400000000005,369.77000000000004,295.81600000000003,grid-connected,0.0,0.1,350.0,3500,0.1,
2022-06-15 05:45:00,-116.27249999999998,-240.69,-600.0,-450.0,-300.0,493.491,411.2425,328.994,grid-connected,0.0,0.1,350.0,3500,0.1,
2022-06-15 05:50:00,15.240000000000009,-116.2725,-600.0,-450.0,-300.0,546.096,455.08,364.064,grid-connected,0.0,0.1,350.0,3500,0.1,
2022-06-15 05:55:00,150.21000000000015,0.0,-600.0,-450.0,-300.0,600.0840000000001,500.07000000000005,400.05600000000004,grid-connected,0.0,0.10036285714285714,351.27,3500,0.1,
2022-06-15 06:00:00,284.17499999999995,0.0,-600.0,-450.0,-300.0,653.67,544.725,435.78,grid-connected,0.0,0.10393928571428572,363.7875,3500,0.1,
2022-06-15 06:05:00,417.1725,0.0,-600.0,-450.0,-300.0,706.869,589.0575,471.246,grid-connected,0.0,0.11070535714285715,387.46875,3500,0.1,
2022-06-15 06:10:00,551.0475,0.0,-600.0,-450.0,-300.0,760.419,633.6825,506.946,grid-connected,0.0,0.1206380357142857,422.233125,3500,0.1,
2022-06-15 06:15:00,686.9175000000001,0.0,-600.0,-450.0,-300.0,814.767,678.9725000000001,543.178,grid-connected,0.0,0.13375821428571427,468.15374999999995,3500,0.1,
2022-06-15 06:20:00,825.1800000000001,0.0,-600.0,-450.0,-300.0,870.072,725.0600000000001,580.048,grid-connected,0.0,0.15011339285714284,525.3968749999999,3500,0.1,
2022-06-15 06:25:00,962.5200000000001,0.0,-600.0,-450.0,-300.0,925.008,770.84,616.672,grid-connected,0.0,0.16976053571428568,594.1618749999999,3500,0.1,
2022-06-15 06:30:00,1098.5775,0.0,-600.0,-450.0,-300.0,979.431,816.1925,652.9540000000001,grid-connected,0.0,0.19267767857142856,674.3718749999999,3500,0.1,
2022-06-15 06:35:00,1236.2849999999999,0.0,-600.0,-450.0,-300.0,1034.514,862.0949999999999,689.6759999999999,grid-connected,0.0,0.2188342857142857,765.92,3500,0.1,
2022-06-15 06:40:00,1376.0325,0.0,-600.0,-450.0,-300.0,1090.413,908.6775,726.942,grid-connected,0.0,0.24826964285714284,868.9437499999999,3500,0.1,
2022-06-15 06:45:00,1515.75,0.0,-600.0,-450.0,-300.0,1146.3,955.25,764.2,grid-connected,0.0,0.2810323214285714,983.6131249999999,3500,0.1,
2022-06-15 06:50:00,1650.975,0.0,-600.0,-450.0,-300.0,1200.3899999999999,1000.3249999999999,800.26,grid-connected,0.0,0.3171216071428571,1109.9256249999999,3500,0.1,
2022-06-15 06:55:00,1775.13,0.0,-600.0,-450.0,-300.0,1250.052,1041.71,833.368,grid-connected,0.0,0.3564305357142857,1247.5068749999998,3500,0.1,
2022-06-15 07:00:00,1890.3825000000002,0.0,-600.0,-450.0,-300.0,1296.153,1080.1275,864.1020000000001,grid-connected,0.0,0.3986955357142857,1395.4343749999998,3500,0.1,
2022-06-15 07:05:00,1954.665,0.0,-600.0,-450.0,-300.0,1321.866,1101.555,881.244,grid-connected,0.0,0.44370464285714284,1552.96625,3500,0.1,
2022-06-15 07:10:00,1955.94,0.0,-600.0,-450.0,-300.0,1322.376,1101.98,881.5840000000001,grid-connected,0.0,0.49024428571428574,1715.855,3500,0.1,
2022-06-15 07:15:00,1907.2050000000004,0.0,-600.0,-450.0,-300.0,1302.882,1085.7350000000001,868.5880000000001,grid-connected,0.0,0.5368142857142857,1878.85,3500,0.1,
2022-06-15 07:20:00,1863.1275,0.0,-600.0,-450.0,-300.0,1285.251,1071.0425,856.834,grid-connected,0.0,0.5822239285714286,2037.78375,3500,0.1,
2022-06-15 07:25:00,1896.9149999999995,0.0,-600.0,-450.0,-300.0,1298.7659999999998,1082.3049999999998,865.8439999999999,grid-connected,0.0,0.6265841071428572,2193.044375,3500,0.1,
2022-06-15 07:30:00,1988.94,0.0,-600.0,-450.0,-300.0,1335.576,1112.98,890.3839999999999,grid-connected,0.0,0.67174875,2351.120625,3500,0.1,
2022-06-15 07:35:00,2106.195,0.0,-600.0,-450.0,-300.0,1382.478,1152.065,921.652,grid-connected,0.0,0.7191044642857143,2516.865625,3500,0.1,
2022-06-15 07:40:00,2236.41,0.0,-600.0,-450.0,-300.0,1434.564,1195.47,956.376,grid-connected,0.0,0.7692519642857143,2692.381875,3500,0.1,
2022-06-15 07:45:00,2371.665,0.0,-600.0,-450.0,-300.0,1488.666,1240.555,992.444,grid-connected,0.0,0.8224998214285714,2878.749375,3500,0.1,
2022-06-15 07:50:00,2557.7700000000004,0.0,-600.0,-450.0,-300.0,1563.1080000000002,1302.5900000000001,1042.0720000000001,grid-connected,0.0,0.8789680357142857,3076.388125,3500,0.1,
2022-06-15 07:55:00,2791.1399999999994,0.0,-600.0,-450.0,-300.0,1656.456,1380.3799999999999,1104.3039999999999,grid-connected,0.0,0.9398673214285714,3289.535625,3500,0.1,
2022-06-15 08:00:00,3055.92,265.5675,-600.0,-450.0,-300.0,1762.368,1468.6399999999999,1174.912,grid-connected,0.0,1.0,3500,3500,0.1,
2022-06-15 08:05:00,3301.1025,3055.92,-600.0,-450.0,-300.0,1860.441,1550.3675,1240.294,grid-connected,0.0,1.0,3500,3500,0.1,
2022-06-15 08:10:00,3469.3574999999996,3301.1025,-600.0,-450.0,-300.0,1927.743,1606.4524999999999,1285.1619999999998,grid-connected,0.0,1.0,3500,3500,0.1,
2022-06-15 08:15:00,3582.9524999999994,3469.3575,-600.0,-450.0,-300.0,1973.1809999999998,1644.3174999999999,1315.454,grid-connected,0.0,1.0,3500,3500,0.1,
2022-06-15 08:20:00,3677.6399999999994,3582.9525,-600.0,-450.0,-300.0,2011.0559999999998,1675.8799999999999,1340.704,grid-connected,0.0,1.0,3500,3500,0.1,
2022-06-15 08:25:00,3763.4175,3677.64,-600.0,-450.0,-300.0,2045.367,1704.4724999999999,1363.578,grid-connected,0.0,1.0,3500,3500,0.1,
2022-06-15 08:30:00,3842.4224999999997,3763.4175,-600.0,-450.0,-300.0,2076.969,1730.8075000000001,1384.646,grid-connected,0.0,1.0,3500,3500,0.1,
2022-06-15 08:35:00,3923.04,3842.4225,-600.0,-450.0,-300.0,2109.216,1757.68,1406.144,grid-connected,0.0,1.0,3500,3500,0.1,
2022-06-15 08:40:00,4005.0075,3923.04,-600.0,-450.0,-300.0,2142.003,1785.0025,1428.002,grid-connected,0.0,1.0,3500,3500,0.1,
2022-06-15 08:45:00,4084.7250000000004,4005.0075,-600.0,-450.0,-300.0,2173.89,1811.575,1449.26,grid-connected,0.0,1.0,3500,3500,0.1,
2022-06-15 08:50:00,4158.57,4084.725,-600.0,-450.0,-300.0,2203.428,1836.19,1468.952,grid-connected,0.0,1.0,3500,3500,0.1,
2022-06-15 08:55:00,4222.844999999999,4158.57,-600.0,-450.0,-300.0,2229.138,1857.615,1486.0919999999999,grid-connected,0.0,1.0,3500,3500,0.1,
2022-06-15 09:00:00,4279.2,4222.845,-600.0,-450.0,-300.0,2251.68,1876.4,1501.1200000000001,grid-connected,0.0,1.0,3500,3500,0.1,
2022-06-15 09:05:00,4337.099999999999,4279.2,-600.0,-450.0,-300.0,2274.8399999999997,1895.6999999999998,1516.56,grid-connected,0.0,1.0,3500,3500,0.1,
2022-06-15 09:10:00,4396.860000000001,4337.1,-600.0,-450.0,-300.0,2298.744,1915.6200000000001,1532.496,grid-connected,0.0,1.0,3500,3500,0.1,
2022-06-15 09:15:00,4455.344999999999,4396.86,-600.0,-450.0,-300.0,2322.138,1935.115,1548.092,grid-connected,0.0,1.0,3500,3500,0.1,
2022-06-15 09:20:00,4510.012500000001,4455.345,-600.0,-450.0,-300.0,2344.005,1953.3375,1562.67,grid-connected,0.0,1.0,3500,3500,0.1,
2022-06-15 09:25:00,4560.615,4510.0125,-600.0,-450.0,-300.0,2364.2459999999996,1970.205,1576.164,grid-connected,0.0,1.0,3500,3500,0.1,
2022-06-15 09:30:00,4606.657499999999,4560.615,-600.0,-450.0,-300.0,2382.663,1985.5524999999998,1588.442,grid-connected,0.0,1.0,3500,3500,0.1,
2022-06-15 09:35:00,4651.6875,4606.6575,-600.0,-450.0,-300.0,2400.6749999999997,2000.5625,1600.4499999999998,grid-connected,0.0,1.0,3500,3500,0.1,
2022-06-15 09:40:00,4700.37,4651.6875,-600.0,-450.0,-300.0,2420.148,2016.79,1613.432,grid-connected,0.0,1.0,3500,3500,0.1,
2022-06-15 09:45:00,4752.165,4700.37,-600.0,-450.0,-300.0,2440.866,2034.0549999999998,1627.244,grid-connected,0.0,1.0,3500,3500,0.1,
2022-06-15 09:50:00,4800.99,4752.165,-600.0,-450.0,-300.0,2460.3959999999997,2050.33,1640.264,grid-connected,0.0,1.0,3500,3500,0.1,
2022-06-15 09:55:00,4839.765,4800.99,-600.0,-450.0,-300.0,2475.906,2063.255,1650.604,grid-connected,0.0,1.0,3500,3500,0.1,
2022-06-15 10:00:00,4869.637500000001,4839.765,-600.0,-450.0,-300.0,2487.855,2073.2125,1658.5700000000002,grid-connected,0.0,1.0,3500,3500,0.1,
2022-06-15 10:05:00,4900.7175,4869.6375,-600.0,-450.0,-300.0,2500.287,2083.5724999999998,1666.858,grid-connected,0.0,1.0,3500,3500,0.1,
2022-06-15 10:10:00,4933.6575,4900.7175,-600.0,-450.0,-300.0,2513.463,2094.5525000000002,1675.642,grid-connected,0.0,1.0,3500,3500,0.1,
2022-06-15 10:15:00,4964.6325,4933.6575,-600.0,-450.0,-300.0,2525.853,2104.8775,1683.902,grid-connected,0.0,1.0,3500,3500,0.1,
2022-06-15 10:20:00,4989.9825,4964.6325,-600.0,-450.0,-300.0,2535.993,2113.3275000000003,1690.662,grid-connected,0.0,1.0,3500,3500,0.1,
2022-06-15 10:25:00,5004.547500000001,4989.9825,-600.0,-450.0,-300.0,2541.819,2118.1825000000003,1694.546,grid-connected,0.0,1.0,3500,3500,0.1,
2022-06-15 10:30:00,5010.885,5004.5475,-600.0,-450.0,-300.0,2544.3540000000003,2120.295,1696.236,grid-connected,0.0,1.0,3500,3500,0.1,
2022-06-15 10:35:00,5022.4575,5010.885,-600.0,-450.0,-300.0,2548.983,2124.1525,1699.322,grid-connected,0.0,1.0,3500,3500,0.1,
2022-06-15 10:40:00,5042.625,5022.4575,-600.0,-450.0,-300.0,2557.05,2130.875,1704.7,grid-connected,0.0,1.0,3500,3500,0.1,
2022-06-15 10:45:00,5064.525,5042.625,-600.0,-450.0,-300.0,2565.81,2138.1749999999997,1710.54,grid-connected,0.0,1.0,3500,3500,0.1,
2022-06-15 10:50:00,5079.0525,5064.525,-600.0,-450.0,-300.0,2571.621,2143.0175,1714.4140000000002,grid-connected,0.0,1.0,3500,3500,0.1,
2022-06-15 10:55:00,5079.839999999999,5079.0525,-600.0,-450.0,-300.0,2571.9359999999997,2143.2799999999997,1714.624,grid-connected,0.0,1.0,3500,3500,0.1,
2022-06-15 11:00:00,5072.28,5079.84,-600.0,-450.0,-300.0,2568.912,2140.7599999999998,1712.608,grid-connected,0.0,1.0,3500,3500,0.1,
2022-06-15 11:05:00,5064.525,5072.28,-600.0,-450.0,-300.0,2565.81,2138.1749999999997,1710.54,grid-connected,0.0,1.0,3500,3500,0.1,
2022-06-15 11:10:00,5059.3724999999995,5064.525,-600.0,-450.0,-300.0,2563.749,2136.4575,1709.166,grid-connected,0.0,1.0,3500,3500,0.1,
2022-06-15 11:15:00,5056.147500000001,5059.3725,-600.0,-450.0,-300.0,2562.4590000000003,2135.3825,1708.306,grid-connected,0.0,1.0,3500,3500,0.1,
2022-06-15 11:20:00,5052.4125,5056.1475,-600.0,-450.0,-300.0,2560.965,2134.1375000000003,1707.3100000000002,grid-connected,0.0,1.0,3500,3500,0.1,
2022-06-15 11:25:00,5044.5975,5052.4125,-600.0,-450.0,-300.0,2557.839,2131.5325,1705.2259999999999,grid-connected,0.0,1.0,3500,3500,0.1,
2022-06-15 11:30:00,5031.4349999999995,5044.5975,-600.0,-450.0,-300.0,2552.574,2127.145,1701.716,grid-connected,0.0,1.0,3500,3500,0.1,
2022-06-15 11:35:00,5015.5425,5031.435,-600.0,-450.0,-300.0,2546.217,2121.8475,1697.478,grid-connected,0.0,1.0,3500,3500,0.1,
2022-06-15 11:40:00,4993.9425,5015.5425,-600.0,-450.0,-300.0,2537.577,2114.6475,1691.718,grid-connected,0.0,1.0,3500,3500,0.1,
2022-06-15 11:45:00,4965.9075,4993.9425,-600.0,-450.0,-300.0,2526.363,2105.3025000000002,1684.242,grid-connected,0.0,1.0,3500,3500,0.1,
2022-06-15 11:50:00,4936.4325,4965.9075,-600.0,-450.0,-300.0,2514.573,2095.4775,1676.382,grid-connected,0.0,1.0,3500,3500,0.1,
2022-06-15 11:55:00,4909.7325,4936.4325,-600.0,-450.0,-300.0,2503.893,2086.5775,1669.262,grid-connected,0.0,1.0,3500,3500,0.1,
2022-06-15 12:00:00,4884.2025,4909.7325,-600.0,-450.0,-300.0,2493.681,2078.0675,1662.4540000000002,grid-connected,0.0,1.0,3500,3500,0.1,
2022-06-15 12:05:00,4855.9275,4884.2025,-600.0,-450.0,-300.0,2482.371,2068.6425,1654.914,grid-connected,0.0,1.0,3500,3500,0.1,
2022-06-15 12:10:00,4823.5425,4855.9275,-600.0,-450.0,-300.0,2469.417,2057.8475,1646.278,grid-connected,0.0,1.0,3500,3500,0.1,
2022-06-15 12:15:00,4788.45,4823.5425,-600.0,-450.0,-300.0,2455.38,2046.1499999999999,1636.9199999999998,grid-connected,0.0,1.0,3500,3500,0.1,
2022-06-15 12:20:00,4754.6925,4788.45,-600.0,-450.0,-300.0,2441.877,2034.8975,1627.918,grid-connected,0.0,1.0,3500,3500,0.1,
2022-06-15 12:25:00,4724.535000000001,4754.6925,-600.0,-450.0,-300.0,2429.8140000000003,2024.845,1619.8760000000002,grid-connected,0.0,1.0,3500,3500,0.1,
2022-06-15 12:30:00,4694.2575,4724.535,-600.0,-450.0,-300.0,2417.703,2014.7525,1611.802,grid-connected,0.0,1.0,3500,3500,0.1,
2022-06-15 12:35:00,4656.3075,4694.2575,-600.0,-450.0,-300.0,2402.523,2002.1025,1601.682,grid-connected,0.0,1.0,3500,3500,0.1,
2022-06-15 12:40:00,4607.204999999999,4656.3075,-600.0,-450.0,-300.0,2382.8819999999996,1985.735,1588.588,grid-connected,0.0,1.0,3500,3500,0.1,
2022-06-15 12:45:00,4550.715,4607.205,-600.0,-450.0,-300.0,2360.286,1966.905,1573.524,grid-connected,0.0,1.0,3500,3500,0.1,
2022-06-15 12:50:00,4494.030000000001,4550.715,-600.0,-450.0,-300.0,2337.612,1948.01,1558.408,grid-connected,0.0,1.0,3500,3500,0.1,
2022-06-15 12:55:00,4439.9325,4494.03,-600.0,-450.0,-300.0,2315.973,1929.9775,1543.982,grid-connected,0.0,1.0,3500,3500,0.1,
2022-06-15 13:00:00,4384.6575,4439.9325,-600.0,-450.0,-300.0,2293.863,1911.5525,1529.242,grid-connected,0.0,1.0,3500,3500,0.1,
2022-06-15 13:05:00,4322.219999999999,4384.6575,-600.0,-450.0,-300.0,2268.888,1890.74,1512.5919999999999,grid-connected,0.0,1.0,3500,3500,0.1,
2022-06-15 13:10:00,4251.157499999999,4322.22,-600.0,-450.0,-300.0,2240.4629999999997,1867.0524999999998,1493.6419999999998,grid-connected,0.0,1.0,3500,3500,0.1,
2022-06-15 13:15:00,4174.4325,4251.1575,-600.0,-450.0,-300.0,2209.773,1841.4775,1473.182,grid-connected,0.0,1.0,3500,3500,0.1,
2022-06-15 13:20:00,4095.3525,4174.4325,-600.0,-450.0,-300.0,2178.141,1815.1175,1452.094,grid-connected,0.0,1.0,3500,3500,0.1,
2022-06-15 13:25:00,4012.2000000000003,4095.3525,-600.0,-450.0,-300.0,2144.88,1787.4,1429.92,grid-connected,0.0,1.0,3500,3500,0.1,
2022-06-15 13:30:00,3925.4849999999997,4012.2,-600.0,-450.0,-300.0,2110.194,1758.495,1406.7959999999998,grid-connected,0.0,1.0,3500,3500,0.1,
2022-06-15 13:35:00,3842.8724999999995,3925.485,-600.0,-450.0,-300.0,2077.149,1730.9575,1384.7659999999998,grid-connected,0.0,1.0,3500,3500,0.1,
2022-06-15 13:40:00,3763.9875000000006,3842.8725,-600.0,-450.0,-300.0,2045.5950000000003,1704.6625000000001,1363.73,grid-connected,0.0,1.0,3500,3500,0.1,
2022-06-15 13:45:00,3684.3599999999997,3763.9875,-600.0,-450.0,-300.0,2013.744,1678.12,1342.4959999999999,grid-connected,0.0,1.0,3500,3500,0.1,
2022-06-15 13:50:00,3601.62,3684.36,-600.0,-450.0,-300.0,1980.6480000000001,1650.54,1320.432,grid-connected,0.0,1.0,3500,3500,0.1,
2022-06-15 13:55:00,3517.8975,3601.62,-600.0,-450.0,-300.0,1947.1589999999999,1622.6325,1298.106,grid-connected,0.0,1.0,3500,3500,0.1,
2022-06-15 14:00:00,3433.2825,3517.8975,-600.0,-450.0,-300.0,1913.3129999999999,1594.4275,1275.542,grid-connected,0.0,1.0,3500,3500,0.1,
2022-06-15 14:05:00,3342.63,3433.2825,-600.0,-450.0,-300.0,1877.0520000000001,1564.21,1251.368,grid-connected,0.0,1.0,3500,3500,0.1,
2022-06-15 14:10:00,3247.6124999999997,3342.63,-600.0,-450.0,-300.0,1839.0449999999998,1532.5375,1226.03,grid-connected,0.0,1.0,3500,3500,0.1,
2022-06-15 14:15:00,3150.72,3247.6125,-600.0,-450.0,-300.0,1800.2879999999998,1500.24,1200.192,grid-connected,0.0,1.0,3500,3500,0.1,
2022-06-15 14:20:00,3049.3275000000003,3150.72,-600.0,-450.0,-300.0,1759.731,1466.4425,1173.154,grid-connected,0.0,1.0,3500,3500,0.1,
2022-06-15 14:25:00,2944.0200000000004,3049.3275,-600.0,-450.0,-300.0,1717.6080000000002,1431.3400000000001,1145.0720000000001,grid-connected,0.0,1.0,3500,3500,0.1,
2022-06-15 14:30:00,2837.1375000000003,2944.02,-600.0,-450.0,-300.0,1674.855,1395.7125,1116.5700000000002,grid-connected,0.0,1.0,3500,3500,0.1,
2022-06-15 14:35:00,2735.0025,2837.1375,-600.0,-450.0,-300.0,1634.001,1361.6675,1089.334,grid-connected,0.0,1.0,3500,3500,0.1,
2022-06-15 14:40:00,2636.58,2735.0025,-600.0,-450.0,-300.0,1594.632,1328.8600000000001,1063.088,grid-connected,0.0,1.0,3500,3500,0.1,
2022-06-15 14:45:00,2539.185,2636.58,-600.0,-450.0,-300.0,1555.674,1296.395,1037.116,grid-connected,0.0,1.0,3500,3500,0.1,
2022-06-15 14:50:00,2433.48,2539.185,-600.0,-450.0,-300.0,1513.392,1261.16,1008.928,grid-connected,0.0,1.0,3500,3500,0.1,
2022-06-15 14:55:00,2317.5225,2433.48,-600.0,-450.0,-300.0,1467.009,1222.5075000000002,978.0060000000001,grid-connected,0.0,1.0,3500,3500,0.1,
2022-06-15 15:00:00,2196.7425000000003,2317.5225,-600.0,-450.0,-300.0,1418.6970000000001,1182.2475,945.798,grid-connected,0.0,1.0,3500,3500,0.1,
2022-06-15 15:05:00,2078.0699999999997,2196.7425,-600.0,-450.0,-300.0,1371.2279999999998,1142.69,914.1519999999999,grid-connected,0.0,1.0,3500,3500,0.1,
2022-06-15 15:10:00,1964.9625,2078.07,-600.0,-450.0,-300.0,1325.9850000000001,1104.9875,883.99,grid-connected,0.0,1.0,3500,3500,0.1,
2022-06-15 15:15:00,1852.11,1964.9625,-600.0,-450.0,-300.0,1280.844,1067.37,853.896,grid-connected,0.0,1.0,3500,3500,0.1,
2022-06-15 15:20:00,1733.04,1852.11,-600.0,-450.0,-300.0,1233.216,1027.68,822.144,grid-connected,0.0,1.0,3500,3500,0.1,
2022-06-15 15:25:00,1605.6,1733.04,-600.0,-450.0,-300.0,1182.24,985.1999999999999,788.16,grid-connected,0.0,1.0,3500,3500,0.1,
2022-06-15 15:30:00,1472.6774999999998,1605.6,-600.0,-450.0,-300.0,1129.071,940.8925,752.7139999999999,grid-connected,0.0,1.0,3500,3500,0.1,
2022-06-15 15:35:00,1337.1825000000003,1472.6775,-600.0,-450.0,-300.0,1074.873,895.7275000000001,716.5820000000001,grid-connected,0.0,1.0,3500,3500,0.1,
2022-06-15 15:40:00,1200.5249999999999,1337.1825,-600.0,-450.0,-300.0,1020.2099999999999,850.175,680.14,grid-connected,0.0,1.0,3500,3500,0.1,
2022-06-15 15:45:00,1063.4325,1200.525,-600.0,-450.0,-300.0,965.3729999999999,804.4775,643.582,grid-connected,0.0,1.0,3500,3500,0.1,
2022-06-15 15:50:00,926.8124999999999,1063.4325,-600.0,-450.0,-300.0,910.7249999999999,758.9375,607.15,grid-connected,0.0,1.0,3500,3500,0.1,
2022-06-15 15:55:00,790.6049999999999,926.8125,-600.0,-450.0,-300.0,856.242,713.535,570.828,grid-connected,0.0,1.0,3500,3500,0.1,
2022-06-15 16:00:00,655.83,790.605,-600.0,-450.0,-300.0,802.332,668.61,534.888,grid-connected,0.0,1.0,3500,3500,0.1,
2022-06-15 16:05:00,523.3575,655.83,-600.0,-450.0,-300.0,749.343,624.4525,499.562,grid-connected,0.0,1.0,3500,3500,0.1,
2022-06-15 16:10:00,392.89500000000004,523.3575,-600.0,-450.0,-300.0,697.158,580.965,464.772,grid-connected,0.0,1.0,3500,3500,0.1,
2022-06-15 16:15:00,261.66,392.895,-600.0,-450.0,-300.0,644.664,537.22,429.776,grid-connected,0.0,1.0,3500,3500,0.1,
2022-06-15 16:20:00,129.97500000000002,261.66,-600.0,-450.0,-300.0,591.99,493.325,394.66,grid-connected,0.0,1.0,3500,3500,0.1,
2022-06-15 16:25:00,1.0650000000000546,129.975,-600.0,-450.0,-300.0,540.426,450.355,360.284,grid-connected,0.0,1.0,3500,3500,0.1,
2022-06-15 16:30:00,-124.08750000000003,1.065,-600.0,-450.0,-300.0,490.36499999999995,408.6375,326.90999999999997,grid-connected,0.0,1.0,3500,3500,0.1,
2022-06-15 16:35:00,-246.49499999999995,0.0,-600.0,-450.0,-300.0,441.402,367.835,294.268,grid-connected,0.0,0.9970455357142858,3489.659375,3500,0.1,
2022-06-15 16:40:00,-365.07749999999993,0.0,-600.0,-450.0,-300.0,393.969,328.3075,262.646,grid-connected,0.0,0.9911766071428572,3469.118125,3500,0.1,
2022-06-15 16:45:00,-477.7875,0.0,-600.0,-450.0,-300.0,348.885,290.7375,232.59,grid-connected,0.0,0.9824842857142858,3438.695,3500,0.1,
2022-06-15 16:50:00,-583.6125,0.0,-600.0,-450.0,-300.0,306.555,255.4625,204.37,grid-connected,0.0,0.9711083928571429,3398.879375,3500,0.1,
2022-06-15 16:55:00,-682.1625,0.0,-600.0,-450.0,-300.0,267.135,222.6125,178.09,grid-connected,0.0,0.9572128571428571,3350.245,3500,0.1,
2022-06-15 17:00:00,-772.2149999999999,0.0,-600.0,-450.0,-300.0,231.11399999999998,192.595,154.076,grid-connected,0.0,0.9409708928571427,3293.3981249999997,3500,0.1,
2022-06-15 17:05:00,-851.5724999999999,0.0,-600.0,-450.0,-300.0,199.371,166.1425,132.91400000000002,grid-connected,0.0,0.9225848214285713,3229.0468749999995,3500,0.1,
2022-06-15 17:10:00,-919.3124999999999,0.0,-600.0,-450.0,-300.0,172.27499999999998,143.5625,114.85,grid-connected,0.0,0.9023092857142856,3158.0824999999995,3500,0.1,
2022-06-15 17:15:00,-974.7674999999998,0.0,-600.0,-450.0,-300.0,150.093,125.0775,100.062,grid-connected,0.0,0.8804208928571428,3081.4731249999995,3500,0.1,
2022-06-15 17:20:00,-1016.2425000000001,0.0,-600.0,-450.0,-300.0,133.503,111.2525,89.002,grid-connected,0.0,0.8572121428571426,3000.2424999999994,3500,0.1,
2022-06-15 17:25:00,-1042.7175,0.0,-600.0,-450.0,-300.0,122.913,102.4275,81.94200000000001,grid-connected,0.0,0.8330158928571427,2915.5556249999995,3500,0.1,
2022-06-15 17:30:00,-1046.9025,0.0,-600.0,-450.0,-300.0,121.23899999999999,101.0325,80.826,grid-connected,0.0,0.8081892857142856,2828.6624999999995,3500,0.1,
2022-06-15 17:35:00,-1045.9500000000003,0.0,-600.0,-450.0,-300.0,121.62,101.35,81.08,grid-connected,0.0,0.7832630357142855,2741.4206249999993,3500,0.1,
2022-06-15 17:40:00,-1045.8525,0.0,-600.0,-450.0,-300.0,121.65899999999999,101.3825,81.106,grid-connected,0.0,0.7583594642857141,2654.2581249999994,3500,0.1,
2022-06-15 17:45:00,-1048.1774999999998,0.0,-600.0,-450.0,-300.0,120.729,100.6075,80.486,grid-connected,0.0,0.7334582142857141,2567.1037499999993,3500,0.1,
2022-06-15 17:50:00,-1057.8975,0.0,-600.0,-450.0,-300.0,116.84100000000001,97.3675,77.894,grid-connected,0.0,0.7085016071428569,2479.7556249999993,3500,0.1,
2022-06-15 17:55:00,-1079.9850000000001,0.0,-600.0,-450.0,-300.0,108.006,90.005,72.004,grid-connected,0.0,0.6833135714285713,2391.5974999999994,3500,0.1,
2022-06-15 18:00:00,-1108.08,0.0,-600.0,-450.0,-300.0,96.768,80.64,64.512,grid-connected,0.0,0.6575996428571427,2301.598749999999,3500,0.1,
2022-06-15 18:05:00,-1131.0375,0.0,-600.0,-450.0,-300.0,87.585,72.9875,58.39,grid-connected,0.0,0.6312167857142854,2209.258749999999,3500,0.1,
2022-06-15 18:10:00,-1142.7600000000002,0.0,-600.0,-450.0,-300.0,82.896,69.08,55.264,grid-connected,0.0,0.6042873214285711,2115.005624999999,3500,0.1,
2022-06-15 18:15:00,-1147.53,0.0,-600.0,-450.0,-300.0,80.988,67.49,53.992,grid-connected,0.0,0.5770787499999996,2019.7756249999989,3500,0.1,
2022-06-15 18:20:00,-1149.8475,0.0,-600.0,-450.0,-300.0,80.06099999999999,66.7175,53.373999999999995,grid-connected,0.0,0.5497566071428568,1924.1481249999988,3500,0.1,
2022-06-15 18:25:00,-1149.885,0.0,-600.0,-450.0,-300.0,80.046,66.705,53.364000000000004,grid-connected,0.0,0.5223792857142854,1828.3274999999987,3500,0.1,
2022-06-15 18:30:00,-1148.8799999999999,0.0,-600.0,-450.0,-300.0,80.448,67.03999999999999,53.632,grid-connected,0.0,0.4950010714285711,1732.5037499999987,3500,0.1,
2022-06-15 18:35:00,-1156.4475,0.0,-600.0,-450.0,-300.0,77.421,64.5175,51.614,grid-connected,0.0,0.46764678571428536,1636.7637499999987,3500,0.1,
2022-06-15 18:40:00,-1175.7975,0.0,-600.0,-450.0,-300.0,69.681,58.0675,46.454,grid-connected,0.0,0.44011232142857104,1540.3931249999987,3500,0.1,
2022-06-15 18:45:00,-1202.685,0.0,-600.0,-450.0,-300.0,58.926,49.105,39.284,grid-connected,0.0,0.4121171428571425,1442.4099999999987,3500,0.1,
2022-06-15 18:50:00,-1235.1075,0.0,-600.0,-450.0,-300.0,45.957,38.2975,30.637999999999998,grid-connected,0.0,0.3834817857142854,1342.1862499999988,3500,0.1,
2022-06-15 18:55:00,-1269.2175,0.0,-600.0,-450.0,-300.0,32.312999999999995,26.9275,21.541999999999998,grid-connected,0.0,0.35407446428571393,1239.2606249999988,3500,0.1,
2022-06-15 19:00:00,-1302.3825,0.0,-600.0,-450.0,-300.0,19.047,15.872499999999999,12.697999999999999,grid-connected,0.0,0.3238549999999996,1133.4924999999987,3500,0.1,
2022-06-15 19:05:00,-1331.235,0.0,-600.0,-450.0,-300.0,7.505999999999999,6.255,5.004,grid-connected,0.0,0.2928458928571425,1024.9606249999988,3500,0.1,
2022-06-15 19:10:00,-1350.0,0.0,-600.0,-450.0,-300.0,0.0,0.0,0.0,grid-connected,0.0,0.26114982142857107,914.0243749999988,3500,0.1,
2022-06-15 19:15:00,-570.0,0.0,-253.33333333333331,-190.0,-126.66666666666666,0.0,0.0,0.0,grid-connected,0.0,0.22900696428571396,801.5243749999988,3500,0.1,
2022-06-15 19:20:00,-570.0,0.0,-253.33333333333331,-190.0,-126.66666666666666,0.0,0.0,0.0,grid-connected,0.0,0.2154355357142854,754.0243749999988,3500,0.1,
2022-06-15 19:25:00,-570.0,0.0,-253.33333333333331,-190.0,-126.66666666666666,0.0,0.0,0.0,grid-connected,0.0,0.2018641071428568,706.5243749999988,3500,0.1,
2022-06-15 19:30:00,-570.0,0.0,-253.33333333333331,-190.0,-126.66666666666666,0.0,0.0,0.0,grid-connected,0.0,0.18829267857142823,659.0243749999988,3500,0.1,
2022-06-15 19:35:00,-570.0,0.0,-253.33333333333331,-190.0,-126.66666666666666,0.0,0.0,0.0,grid-connected,0.0,0.17472124999999966,611.5243749999988,3500,0.1,
2022-06-15 19:40:00,-570.0,0.0,-253.33333333333331,-190.0,-126.66666666666666,0.0,0.0,0.0,grid-connected,0.0,0.1611498214285711,564.0243749999988,3500,0.1,
2022-06-15 19:45:00,-570.0,0.0,-253.33333333333331,-190.0,-126.66666666666666,0.0,0.0,0.0,grid-connected,0.0,0.14757839285714253,516.5243749999988,3500,0.1,
2022-06-15 19:50:00,-570.0,0.0,-253.33333333333331,-190.0,-126.66666666666666,0.0,0.0,0.0,grid-connected,0.0,0.13400696428571396,469.0243749999988,3500,0.1,
2022-06-15 19:55:00,-570.0,0.0,-253.33333333333331,-190.0,-126.66666666666666,0.0,0.0,0.0,grid-connected,0.0,0.12043553571428538,421.5243749999988,3500,0.1,
2022-06-15 20:00:00,-570.0,0.0,-253.33333333333331,-190.0,-126.66666666666666,0.0,0.0,0.0,grid-connected,0.0,0.10686410714285681,374.0243749999988,3500,0.1,
2022-06-15 20:05:00,-570.0,-281.7075,-253.33333333333331,-190.0,-126.66666666666666,0.0,0.0,0.0,grid-connected,0.0,0.1,350.0,3500,0.1,
2022-06-15 20:10:00,-570.0,-570.0,-253.33333333333331,-190.0,-126.66666666666666,0.0,0.0,0.0,grid-connected,0.0,0.1,350.0,3500,0.1,
2022-06-15 20:15:00,-570.0,-570.0,-253.33333333333331,-190.0,-126.66666666666666,0.0,0.0,0.0,grid-connected,0.0,0.1,350.0,3500,0.1,
2022-06-15 20:20:00,-570.0,-570.0,-253.33333333333331,-190.0,-126.66666666666666,0.0,0.0,0.0,grid-connected,0.0,0.1,350.0,3500,0.1,
2022-06-15 20:25:00,-570.0,-570.0,-253.33333333333331,-190.0,-126.66666666666666,0.0,0.0,0.0,grid-connected,0.0,0.1,350.0,3500,0.1,
2022-06-15 20:30:00,-570.0,-570.0,-253.33333333333331,-190.0,-126.66666666666666,0.0,0.0,0.0,grid-connected,0.0,0.1,350.0,3500,0.1,
2022-06-15 20:35:00,-570.0,-570.0,-253.33333333333331,-190.0,-126.66666666666666,0.0,0.0,0.0,grid-connected,0.0,0.1,350.0,3500,0.1,
2022-06-15 20:40:00,-570.0,-570.0,-253.33333333333331,-190.0,-126.66666666666666,0.0,0.0,0.0,grid-connected,0.0,0.1,350.0,3500,0.1,
2022-06-15 20:45:00,-570.0,-570.0,-253.33333333333331,-190.0,-126.66666666666666,0.0,0.0,0.0,grid-connected,0.0,0.1,350.0,3500,0.1,
2022-06-15 20:50:00,-570.0,-570.0,-253.33333333333331,-190.0,-126.66666666666666,0.0,0.0,0.0,grid-connected,0.0,0.1,350.0,3500,0.1,
2022-06-15 20:55:00,-570.0,-570.0,-253.33333333333331,-190.0,-126.66666666666666,0.0,0.0,0.0,grid-connected,0.0,0.1,350.0,3500,0.1,
2022-06-15 21:00:00,-570.0,-570.0,-253.33333333333331,-190.0,-126.66666666666666,0.0,0.0,0.0,grid-connected,0.0,0.1,350.0,3500,0.1,
2022-06-15 21:05:00,-570.0,-570.0,-253.33333333333331,-190.0,-126.66666666666666,0.0,0.0,0.0,grid-connected,0.0,0.1,350.0,3500,0.1,
2022-06-15 21:10:00,-570.0,-570.0,-253.33333333333331,-190.0,-126.66666666666666,0.0,0.0,0.0,grid-connected,0.0,0.1,350.0,3500,0.1,
2022-06-15 21:15:00,-570.0,-570.0,-253.33333333333331,-190.0,-126.66666666666666,0.0,0.0,0.0,grid-connected,0.0,0.1,350.0,3500,0.1,
2022-06-15 21:20:00,-570.0,-570.0,-253.33333333333331,-190.0,-126.66666666666666,0.0,0.0,0.0,grid-connected,0.0,0.1,350.0,3500,0.1,
2022-06-15 21:25:00,-570.0,-570.0,-253.33333333333331,-190.0,-126.66666666666666,0.0,0.0,0.0,grid-connected,0.0,0.1,350.0,3500,0.1,
2022-06-15 21:30:00,-570.0,-570.0,-253.33333333333331,-190.0,-126.66666666666666,0.0,0.0,0.0,grid-connected,0.0,0.1,350.0,3500,0.1,
2022-06-15 21:35:00,-570.0,-570.0,-253.33333333333331,-190.0,-126.66666666666666,0.0,0.0,0.0,grid-connected,0.0,0.1,350.0,3500,0.1,
2022-06-15 21:40:00,-570.0,-570.0,-253.33333333333331,-190.0,-126.66666666666666,0.0,0.0,0.0,grid-connected,0.0,0.1,350.0,3500,0.1,
2022-06-15 21:45:00,-570.0,-570.0,-253.33333333333331,-190.0,-126.66666666666666,0.0,0.0,0.0,grid-connected,0.0,0.1,350.0,3500,0.1,
2022-06-15 21:50:00,-570.0,-570.0,-253.33333333333331,-190.0,-126.66666666666666,0.0,0.0,0.0,grid-connected,0.0,0.1,350.0,3500,0.1,
2022-06-15 21:55:00,-570.0,-570.0,-253.33333333333331,-190.0,-126.66666666666666,0.0,0.0,0.0,grid-connected,0.0,0.1,350.0,3500,0.1,
2022-06-15 22:00:00,-570.0,-570.0,-253.33333333333331,-190.0,-126.66666666666666,0.0,0.0,0.0,grid-connected,0.0,0.1,350.0,3500,0.1,
2022-06-15 22:05:00,-570.0,-570.0,-253.33333333333331,-190.0,-126.66666666666666,0.0,0.0,0.0,grid-connected,0.0,0.1,350.0,3500,0.1,
2022-06-15 22:10:00,-570.0,-570.0,-253.33333333333331,-190.0,-126.66666666666666,0.0,0.0,0.0,grid-connected,0.0,0.1,350.0,3500,0.1,
2022-06-15 22:15:00,-570.0,-570.0,-253.33333333333331,-190.0,-126.66666666666666,0.0,0.0,0.0,grid-connected,0.0,0.1,350.0,3500,0.1,
2022-06-15 22:20:00,-570.0,-570.0,-253.33333333333331,-190.0,-126.66666666666666,0.0,0.0,0.0,grid-connected,0.0,0.1,350.0,3500,0.1,
2022-06-15 22:25:00,-570.0,-570.0,-253.33333333333331,-190.0,-126.66666666666666,0.0,0.0,0.0,grid-connected,0.0,0.1,350.0,3500,0.1,
2022-06-15 22:30:00,-570.0,-570.0,-253.33333333333331,-190.0,-126.66666666666666,0.0,0.0,0.0,grid-connected,0.0,0.1,350.0,3500,0.1,
2022-06-15 22:35:00,-570.0,-570.0,-253.33333333333331,-190.0,-126.66666666666666,0.0,0.0,0.0,grid-connected,0.0,0.1,350.0,3500,0.1,
2022-06-15 22:40:00,-570.0,-570.0,-253.33333333333331,-190.0,-126.66666666666666,0.0,0.0,0.0,grid-connected,0.0,0.1,350.0,3500,0.1,
2022-06-15 22:45:00,-570.0,-570.0,-253.33333333333331,-190.0,-126.66666666666666,0.0,0.0,0.0,grid-connected,0.0,0.1,350.0,3500,0.1,
2022-06-15 22:50:00,-570.0,-570.0,-253.33333333333331,-190.0,-126.66666666666666,0.0,0.0,0.0,grid-connected,0.0,0.1,350.0,3500,0.1,
2022-06-15 22:55:00,-570.0,-570.0,-253.33333333333331,-190.0,-126.66666666666666,0.0,0.0,0.0,grid-connected,0.0,0.1,350.0,3500,0.1,
2022-06-15 23:00:00,-570.0,-570.0,-253.33333333333331,-190.0,-126.66666666666666,0.0,0.0,0.0,grid-connected,0.0,0.1,350.0,3500,0.1,
2022-06-15 23:05:00,-570.0,-570.0,-253.33333333333331,-190.0,-126.66666666666666,0.0,0.0,0.0,grid-connected,0.0,0.1,350.0,3500,0.1,
2022-06-15 23:10:00,-570.0,-570.0,-253.33333333333331,-190.0,-126.66666666666666,0.0,0.0,0.0,grid-connected,0.0,0.1,350.0,3500,0.1,
2022-06-15 23:15:00,-570.0,-570.0,-253.33333333333331,-190.0,-126.66666666666666,0.0,0.0,0.0,grid-connected,0.0,0.1,350.0,3500,0.1,
2022-06-15 23:20:00,-570.0,-570.0,-253.33333333333331,-190.0,-126.66666666666666,0.0,0.0,0.0,grid-connected,0.0,0.1,350.0,3500,0.1,
2022-06-15 23:25:00,-570.0,-570.0,-253.33333333333331,-190.0,-126.66666666666666,0.0,0.0,0.0,grid-connected,0.0,0.1,350.0,3500,0.1,
2022-06-15 23:30:00,-570.0,-570.0,-253.33333333333331,-190.0,-126.66666666666666,0.0,0.0,0.0,grid-connected,0.0,0.1,350.0,3500,0.1,
2022-06-15 23:35:00,-570.0,-570.0,-253.33333333333331,-190.0,-126.66666666666666,0.0,0.0,0.0,grid-connected,0.0,0.1,350.0,3500,0.1,
2022-06-15 23:40:00,-570.0,-570.0,-253.33333333333331,-190.0,-126.66666666666666,0.0,0.0,0.0,grid-connected,0.0,0.1,350.0,3500,0.1,
2022-06-15 23:45:00,-570.0,-570.0,-253.33333333333331,-190.0,-126.66666666666666,0.0,0.0,0.0,grid-connected,0.0,0.1,350.0,3500,0.1,
2022-06-15 23:50:00,-570.0,-570.0,-253.33333333333331,-190.0,-126.66666666666666,0.0,0.0,0.0,grid-connected,0.0,0.1,350.0,3500,0.1,
2022-06-15 23:55:00,-570.0,-570.0,-253.33333333333331,-190.0,-126.66666666666666,0.0,0.0,0.0,grid-connected,0.0,0.1,350.0,3500,0.1,
2022-06-16 00:00:00,-570.0,-570.0,-253.33333333333331,-190.0,-126.66666666666666,0.0,0.0,0.0,grid-connected,0.0,0.1,350.0,3500,0.1,
2022-06-16 00:05:00,-570.0,-570.0,-253.33333333333331,-190.0,-126.66666666666666,0.0,0.0,0.0,grid-connected,0.0,0.1,350.0,3500,0.1,
2022-06-16 00:10:00,-570.0,-570.0,-253.33333333333331,-190.0,-126.66666666666666,0.0,0.0,0.0,grid-connected,0.0,0.1,350.0,3500,0.1,
2022-06-16 00:15:00,-570.0,-570.0,-253.33333333333331,-190.0,-126.66666666666666,0.0,0.0,0.0,grid-connected,0.0,0.1,350.0,3500,0.1,
2022-06-16 00:20:00,-570.0,-570.0,-253.33333333333331,-190.0,-126.66666666666666,0.0,0.0,0.0,grid-connected,0.0,0.1,350.0,3500,0.1,
2022-06-16 00:25:00,-570.0,-570.0,-253.33333333333331,-190.0,-126.66666666666666,0.0,0.0,0.0,grid-connected,0.0,0.1,350.0,3500,0.1,
2022-06-16 00:30:00,-570.0,-570.0,-253.33333333333331,-190.0,-126.66666666666666,0.0,0.0,0.0,grid-connected,0.0,0.1,350.0,3500,0.1,
2022-06-16 00:35:00,-570.0,-570.0,-253.33333333333331,-190.0,-126.66666666666666,0.0,0.0,0.0,grid-connected,0.0,0.1,350.0,3500,0.1,
2022-06-16 00:40:00,-570.0,-570.0,-253.33333333333331,-190.0,-126.66666666666666,0.0,0.0,0.0,grid-connected,0.0,0.1,350.0,3500,0.1,
2022-06-16 00:45:00,-570.0,-570.0,-253.33333333333331,-190.0,-126.66666666666666,0.0,0.0,0.0,grid-connected,0.0,0.1,350.0,3500,0.1,
2022-06-16 00:50:00,-570.0,-570.0,-253.33333333333331,-190.0,-126.66666666666666,0.0,0.0,0.0,grid-connected,0.0,0.1,350.0,3500,0.1,
2022-06-16 00:55:00,-570.0,-570.0,-253.33333333333331,-190.0,-126.66666666666666,0.0,0.0,0.0,grid-connected,0.0,0.1,350.0,3500,0.1,
2022-06-16 01:00:00,-570.0,-570.0,-253.33333333333331,-190.0,-126.66666666666666,0.0,0.0,0.0,grid-connected,0.0,0.1,350.0,3500,0.1,
2022-06-16 01:05:00,-570.0,-570.0,-253.33333333333331,-190.0,-126.66666666666666,0.0,0.0,0.0,grid-connected,0.0,0.1,350.0,3500,0.1,
2022-06-16 01:10:00,-570.0,-570.0,-253.33333333333331,-190.0,-126.66666666666666,0.0,0.0,0.0,grid-connected,0.0,0.1,350.0,3500,0.1,
2022-06-16 01:15:00,-570.0,-570.0,-253.33333333333331,-190.0,-126.66666666666666,0.0,0.0,0.0,grid-connected,0.0,0.1,350.0,3500,0.1,
2022-06-16 01:20:00,-570.0,-570.0,-253.33333333333331,-190.0,-126.66666666666666,0.0,0.0,0.0,grid-connected,0.0,0.1,350.0,3500,0.1,
2022-06-16 01:25:00,-570.0,-570.0,-253.33333333333331,-190.0,-126.66666666666666,0.0,0.0,0.0,grid-connected,0.0,0.1,350.0,3500,0.1,
2022-06-16 01:30:00,-570.0,-570.0,-253.33333333333331,-190.0,-126.66666666666666,0.0,0.0,0.0,grid-connected,0.0,0.1,350.0,3500,0.1,
2022-06-16 01:35:00,-570.0,-570.0,-253.33333333333331,-190.0,-126.66666666666666,0.0,0.0,0.0,grid-connected,0.0,0.1,350.0,3500,0.1,
2022-06-16 01:40:00,-570.0,-570.0,-253.33333333333331,-190.0,-126.66666666666666,0.0,0.0,0.0,grid-connected,0.0,0.1,350.0,3500,0.1,
2022-06-16 01:45:00,-570.0,-570.0,-253.33333333333331,-190.0,-126.66666666666666,0.0,0.0,0.0,grid-connected,0.0,0.1,350.0,3500,0.1,
2022-06-16 01:50:00,-570.0,-570.0,-253.33333333333331,-190.0,-126.66666666666666,0.0,0.0,0.0,grid-connected,0.0,0.1,350.0,3500,0.1,
2022-06-16 01:55:00,-570.0,-570.0,-253.33333333333331,-190.0,-126.66666666666666,0.0,0.0,0.0,grid-connected,0.0,0.1,350.0,3500,0.1,
2022-06-16 02:00:00,-570.0,-570.0,-253.33333333333331,-190.0,-126.66666666666666,0.0,0.0,0.0,grid-connected,0.0,0.1,350.0,3500,0.1,
2022-06-16 02:05:00,-570.0,-570.0,-253.33333333333331,-190.0,-126.66666666666666,0.0,0.0,0.0,grid-connected,0.0,0.1,350.0,3500,0.1,
2022-06-16 02:10:00,-570.0,-570.0,-253.33333333333331,-190.0,-126.66666666666666,0.0,0.0,0.0,grid-connected,0.0,0.1,350.0,3500,0.1,
2022-06-16 02:15:00,-570.0,-570.0,-253.33333333333331,-190.0,-126.66666666666666,0.0,0.0,0.0,grid-connected,0.0,0.1,350.0,3500,0.1,
2022-06-16 02:20:00,-570.0,-570.0,-253.33333333333331,-190.0,-126.66666666666666,0.0,0.0,0.0,grid-connected,0.0,0.1,350.0,3500,0.1,
2022-06-16 02:25:00,-570.0,-570.0,-253.33333333333331,-190.0,-126.66666666666666,0.0,0.0,0.0,grid-connected,0.0,0.1,350.0,3500,0.1,
2022-06-16 02:30:00,-570.0,-570.0,-253.33333333333331,-190.0,-126.66666666666666,0.0,0.0,0.0,grid-connected,0.0,0.1,350.0,3500,0.1,
2022-06-16 02:35:00,-570.0,-570.0,-253.33333333333331,-190.0,-126.66666666666666,0.0,0.0,0.0,grid-connected,0.0,0.1,350.0,3500,0.1,
2022-06-16 02:40:00,-570.0,-570.0,-253.33333333333331,-190.0,-126.66666666666666,0.0,0.0,0.0,grid-connected,0.0,0.1,350.0,3500,0.1,
2022-06-16 02:45:00,-570.0,-570.0,-253.33333333333331,-190.0,-126.66666666666666,0.0,0.0,0.0,grid-connected,0.0,0.1,350.0,3500,0.1,
2022-06-16 02:50:00,-570.0,-570.0,-253.33333333333331,-190.0,-126.66666666666666,0.0,0.0,0.0,grid-connected,0.0,0.1,350.0,3500,0.1,
2022-06-16 02:55:00,-570.0,-570.0,-253.33333333333331,-190.0,-126.66666666666666,0.0,0.0,0.0,grid-connected,0.0,0.1,350.0,3500,0.1,
2022-06-16 03:00:00,-570.0,-570.0,-253.33333333333331,-190.0,-126.66666666666666,0.0,0.0,0.0,grid-connected,0.0,0.1,350.0,3500,0.1,
2022-06-16 03:05:00,-570.0,-570.0,-253.33333333333331,-190.0,-126.66666666666666,0.0,0.0,0.0,grid-connected,0.0,0.1,350.0,3500,0.1,
2022-06-16 03:10:00,-544.9799999999999,-570.0,-253.33333333333331,-190.0,-126.66666666666666,10.008,8.34,6.672,grid-connected,0.0,0.1,350.0,3500,0.1,
2022-06-16 03:15:00,-1295.295,-544.98,-600.0,-450.0,-300.0,21.882,18.235,14.588000000000001,grid-connected,0.0,0.1,350.0,3500,0.1,
2022-06-16 03:20:00,-1261.515,-1295.295,-600.0,-450.0,-300.0,35.394,29.494999999999997,23.596,grid-connected,0.0,0.1,350.0,3500,0.1,
2022-06-16 03:25:00,-1229.2124999999999,-1261.515,-600.0,-450.0,-300.0,48.315000000000005,40.2625,32.21,grid-connected,0.0,0.1,350.0,3500,0.1,
2022-06-16 03:30:00,-1198.6200000000001,-1229.2125,-600.0,-450.0,-300.0,60.552,50.46,40.368,grid-connected,0.0,0.1,350.0,3500,0.1,
2022-06-16 03:35:00,-1168.9274999999998,-1198.62,-600.0,-450.0,-300.0,72.429,60.3575,48.286,grid-connected,0.0,0.1,350.0,3500,0.1,
2022-06-16 03:40:00,-1146.1124999999997,-1168.9275,-600.0,-450.0,-300.0,81.555,67.9625,54.370000000000005,grid-connected,0.0,0.1,350.0,3500,0.1,
2022-06-16 03:45:00,-1126.9725,-1146.1125,-600.0,-450.0,-300.0,89.211,74.3425,59.474,grid-connected,0.0,0.1,350.0,3500,0.1,
2022-06-16 03:50:00,-1104.165,-1126.9725,-600.0,-450.0,-300.0,98.334,81.94500000000001,65.556,grid-connected,0.0,0.1,350.0,3500,0.1,
2022-06-16 03:55:00,-1071.8700000000001,-1104.165,-600.0,-450.0,-300.0,111.252,92.71,74.16799999999999,grid-connected,0.0,0.1,350.0,3500,0.1,
2022-06-16 04:00:00,-1030.7549999999999,-1071.87,-600.0,-450.0,-300.0,127.698,106.415,85.132,grid-connected,0.0,0.1,350.0,3500,0.1,
2022-06-16 04:05:00,-986.0775000000001,-1030.755,-600.0,-450.0,-300.0,145.569,121.30749999999999,97.04599999999999,grid-connected,0.0,0.1,350.0,3500,0.1,
2022-06-16 04:10:00,-945.8550000000001,-986.0775,-600.0,-450.0,-300.0,161.65800000000002,134.715,107.772,grid-connected,0.0,0.1,350.0,3500,0.1,
2022-06-16 04:15:00,-911.325,-945.855,-600.0,-450.0,-300.0,175.47,146.225,116.98,grid-connected,0.0,0.1,350.0,3500,0.1,
2022-06-16 04:20:00,-881.6174999999998,-911.325,-600.0,-450.0,-300.0,187.353,156.1275,124.902,grid-connected,0.0,0.1,350.0,3500,0.1,
2022-06-16 04:25:00,-854.4375000000001,-881.6175,-600.0,-450.0,-300.0,198.225,165.1875,132.14999999999998,grid-connected,0.0,0.1,350.0,3500,0.1,
2022-06-16 04:30:00,-829.3124999999999,-854.4375,-600.0,-450.0,-300.0,208.275,173.5625,138.85,grid-connected,0.0,0.1,350.0,3500,0.1,
2022-06-16 04:35:00,-799.47,-829.3125,-600.0,-450.0,-300.0,220.212,183.51,146.808,grid-connected,0.0,0.1,350.0,3500,0.1,
2022-06-16 04:40:00,-759.2700000000001,-799.47,-600.0,-450.0,-300.0,236.292,196.91,157.528,grid-connected,0.0,0.1,350.0,3500,0.1,
2022-06-16 04:45:00,-711.9824999999998,-759.27,-600.0,-450.0,-300.0,255.20700000000002,212.6725,170.138,grid-connected,0.0,0.1,350.0,3500,0.1,
2022-06-16 04:50:00,-664.8000000000001,-711.9825,-600.0,-450.0,-300.0,274.08,228.4,182.72,grid-connected,0.0,0.1,350.0,3500,0.1,
2022-06-16 04:55:00,-612.105,-664.8,-600.0,-450.0,-300.0,295.158,245.965,196.772,grid-connected,0.0,0.1,350.0,3500,0.1,
2022-06-16 05:00:00,-559.6050000000002,-612.105,-600.0,-450.0,-300.0,316.15799999999996,263.465,210.772,grid-connected,0.0,0.1,350.0,3500,0.1,
2022-06-16 05:05:00,-558.1125,-559.605,-600.0,-450.0,-300.0,316.755,263.9625,211.17,grid-connected,0.0,0.1,350.0,3500,0.1,
2022-06-16 05:10:00,-597.4274999999999,-558.1125,-600.0,-450.0,-300.0,301.029,250.85750000000002,200.686,grid-connected,0.0,0.1,350.0,3500,0.1,
2022-06-16 05:15:00,-627.525,-597.4275,-600.0,-450.0,-300.0,288.99,240.825,192.66,grid-connected,0.0,0.1,350.0,3500,0.1,
2022-06-16 05:20:00,-615.9599999999999,-627.525,-600.0,-450.0,-300.0,293.616,244.68,195.744,grid-connected,0.0,0.1,350.0,3500,0.1,
2022-06-16 05:25:00,-547.4025,-615.96,-600.0,-450.0,-300.0,321.039,267.53249999999997,214.02599999999998,grid-connected,0.0,0.1,350.0,3500,0.1,
2022-06-16 05:30:00,-451.33500000000004,-547.4025,-600.0,-450.0,-300.0,359.466,299.555,239.644,grid-connected,0.0,0.1,350.0,3500,0.1,
2022-06-16 05:35:00,-345.38999999999993,-451.335,-600.0,-450.0,-300.0,401.84400000000005,334.87,267.896,grid-connected,0.0,0.1,350.0,3500,0.1,
2022-06-16 05:40:00,-227.70000000000005,-345.39,-600.0,-450.0,-300.0,448.91999999999996,374.09999999999997,299.28,grid-connected,0.0,0.1,350.0,3500,0.1,
2022-06-16 05:45:00,-106.75500000000005,-227.7,-600.0,-450.0,-300.0,497.298,414.41499999999996,331.532,grid-connected,0.0,0.1,350.0,3500,0.1,
2022-06-16 05:50:00,11.879999999999939,-106.755,-600.0,-450.0,-300.0,544.752,453.96,363.168,grid-connected,0.0,0.1,350.0,3500,0.1,
2022-06-16 05:55:00,129.015,0.0,-600.0,-450.0,-300.0,591.606,493.005,394.404,grid-connected,0.0,0.10028285714285715,350.99,3500,0.1,
2022-06-16 06:00:00,249.17999999999995,0.0,-600.0,-450.0,-300.0,639.672,533.06,426.448,grid-connected,0.0,0.10335464285714287,361.74125000000004,3500,0.1,
2022-06-16 06:05:00,373.95000000000005,0.0,-600.0,-450.0,-300.0,689.58,574.65,459.72,grid-connected,0.0,0.10928750000000001,382.50625,3500,0.1,
2022-06-16 06:10:00,496.2299999999999,0.0,-600.0,-450.0,-300.0,738.492,615.41,492.328,grid-connected,0.0,0.11819107142857144,413.66875000000005,3500,0.1,
2022-06-16 06:15:00,609.7125,0.0,-600.0,-450.0,-300.0,783.885,653.2375,522.59,grid-connected,0.0,0.13000607142857143,455.02125,3500,0.1,
2022-06-16 06:20:00,697.1325,0.0,-600.0,-450.0,-300.0,818.853,682.3775,545.902,grid-connected,0.0,0.1445230357142857,505.830625,3500,0.1,
2022-06-16 06:25:00,750.4949999999999,0.0,-600.0,-450.0,-300.0,840.198,700.165,560.132,grid-connected,0.0,0.16112142857142855,563.925,3500,0.1,
2022-06-16 06:30:00,770.4000000000002,0.0,-600.0,-450.0,-300.0,848.1600000000001,706.8000000000001,565.44,grid-connected,0.0,0.17899035714285713,626.46625,3500,0.1,
2022-06-16 06:35:00,816.9825,0.0,-600.0,-450.0,-300.0,866.793,722.3275,577.862,grid-connected,0.0,0.1973332142857143,690.66625,3500,0.1,
2022-06-16 06:40:00,944.6324999999998,0.0,-600.0,-450.0,-300.0,917.853,764.8774999999999,611.9019999999999,grid-connected,0.0,0.21678517857142857,758.748125,3500,0.1,
2022-06-16 06:45:00,1153.2224999999999,0.0,-600.0,-450.0,-300.0,1001.2889999999999,834.4074999999999,667.526,grid-connected,0.0,0.23927642857142856,837.4675,3500,0.1,
2022-06-16 06:50:00,1284.9825,0.0,-600.0,-450.0,-300.0,1053.993,878.3275,702.662,grid-connected,0.0,0.2667341071428571,933.5693749999999,3500,0.1,
2022-06-16 06:55:00,1249.71,0.0,-600.0,-450.0,-300.0,1039.884,866.5699999999999,693.256,grid-connected,0.0,0.29732892857142856,1040.65125,3500,0.1,
2022-06-16 07:00:00,1066.9875000000002,0.0,-600.0,-450.0,-300.0,966.7950000000001,805.6625,644.5300000000001,grid-connected,0.0,0.32708392857142854,1144.7937499999998,3500,0.1,
2022-06-16 07:05:00,981.66,0.0,-600.0,-450.0,-300.0,932.664,777.22,621.776,grid-connected,0.0,0.35248839285714284,1233.709375,3500,0.1,
2022-06-16 07:10:00,1127.205,0.0,-600.0,-450.0,-300.0,990.882,825.7349999999999,660.588,grid-connected,0.0,0.37586125,1315.514375,3500,0.1,
2022-06-16 07:15:00,1427.55,0.0,-600.0,-450.0,-300.0,1111.02,925.85,740.68,grid-connected,0.0,0.40269946428571424,1409.448125,3500,0.1,
2022-06-16 07:20:00,1803.705,0.0,-600.0,-450.0,-300.0,1261.482,1051.235,840.9879999999999,grid-connected,0.0,0.43668875,1528.410625,3500,0.1,
2022-06-16 07:25:00,2045.805,0.0,-600.0,-450.0,-300.0,1358.3220000000001,1131.935,905.548,grid-connected,0.0,0.4796341071428571,1678.719375,3500,0.1,
2022-06-16 07:30:00,2190.81,0.0,-600.0,-450.0,-300.0,1416.324,1180.27,944.216,grid-connected,0.0,0.52834375,1849.203125,3500,0.1,
2022-06-16 07:35:00,2060.4075000000003,0.0,-600.0,-450.0,-300.0,1364.163,1136.8025,909.442,grid-connected,0.0,0.5805058928571429,2031.770625,3500,0.1,
2022-06-16 07:40:00,1566.7200000000003,0.0,-600.0,-450.0,-300.0,1166.688,972.24,777.792,grid-connected,0.0,0.6295632142857143,2203.47125,3500,0.1,
2022-06-16 07:45:00,835.47,0.0,-600.0,-450.0,-300.0,874.188,728.49,582.792,grid-connected,0.0,0.6668660714285715,2334.03125,3500,0.1,
2022-06-16 07:50:00,387.45,0.0,-600.0,-450.0,-300.0,694.98,579.15,463.32,grid-connected,0.0,0.6867582142857143,2403.65375,3500,0.1,
2022-06-16 07:55:00,580.2525,0.0,-600.0,-450.0,-300.0,772.101,643.4175,514.734,grid-connected,0.0,0.6959832142857142,2435.94125,3500,0.1,
2022-06-16 08:00:00,1185.4425,0.0,-600.0,-450.0,-300.0,1014.177,845.1475,676.118,grid-connected,0.0,0.7097987499999999,2484.2956249999997,3500,0.1,
2022-06-16 08:05:00,1857.3825000000002,0.0,-600.0,-450.0,-300.0,1282.953,1069.1275,855.302,grid-connected,0.0,0.7380235714285713,2583.0824999999995,3500,0.1,
2022-06-16 08:10:00,2316.855,0.0,-600.0,-450.0,-300.0,1466.742,1222.285,977.828,grid-connected,0.0,0.7822469642857142,2737.8643749999997,3500,0.1,
2022-06-16 08:15:00,2631.1499999999996,0.0,-600.0,-450.0,-300.0,1592.4599999999998,1327.05,1061.6399999999999,grid-connected,0.0,0.8374101785714284,2930.9356249999996,3500,0.1,
2022-06-16 08:20:00,2663.5874999999996,0.0,-600.0,-450.0,-300.0,1605.435,1337.8625,1070.29,grid-connected,0.0,0.900056607142857,3150.1981249999994,3500,0.1,
2022-06-16 08:25:00,2362.17,0.0,-600.0,-450.0,-300.0,1484.868,1237.39,989.912,grid-connected,0.0,0.9634753571428569,3372.1637499999993,3500,0.1,
2022-06-16 08:30:00,1841.22,828.135,-600.0,-450.0,-300.0,1276.488,1063.74,850.992,grid-connected,0.0,1.0,3500,3500,0.1,
2022-06-16 08:35:00,1646.0699999999997,1841.22,-600.0,-450.0,-300.0,1198.4279999999999,998.6899999999999,798.952,grid-connected,0.0,1.0,3500,3500,0.1,
2022-06-16 08:40:00,2094.8025000000002,1646.07,-600.0,-450.0,-300.0,1377.921,1148.2675000000002,918.614,grid-connected,0.0,1.0,3500,3500,0.1,
2022-06-16 08:45:00,2907.8175,2094.8025,-600.0,-450.0,-300.0,1703.127,1419.2725,1135.4180000000001,grid-connected,0.0,1.0,3500,3500,0.1,
2022-06-16 08:50:00,3595.1775,2907.8175,-600.0,-450.0,-300.0,1978.071,1648.3925,1318.714,grid-connected,0.0,1.0,3500,3500,0.1,
2022-06-16 08:55:00,3800.8125,3595.1775,-600.0,-450.0,-300.0,2060.3250000000003,1716.9375,1373.55,grid-connected,0.0,1.0,3500,3500,0.1,
2022-06-16 09:00:00,3704.79,3800.8125,-600.0,-450.0,-300.0,2021.916,1684.93,1347.944,grid-connected,0.0,1.0,3500,3500,0.1,
2022-06-16 09:05:00,3635.6625000000004,3704.79,-600.0,-450.0,-300.0,1994.2649999999999,1661.8875,1329.51,grid-connected,0.0,1.0,3500,3500,0.1,
2022-06-16 09:10:00,3780.2475000000004,3635.6625,-600.0,-450.0,-300.0,2052.099,1710.0825,1368.066,grid-connected,0.0,1.0,3500,3500,0.1,
2022-06-16 09:15:00,4047.4199999999996,3780.2475,-600.0,-450.0,-300.0,2158.968,1799.1399999999999,1439.312,grid-connected,0.0,1.0,3500,3500,0.1,
2022-06-16 09:20:00,4151.887500000001,4047.42,-600.0,-450.0,-300.0,2200.755,1833.9625,1467.17,grid-connected,0.0,1.0,3500,3500,0.1,
2022-06-16 09:25:00,3953.67,4151.8875,-600.0,-450.0,-300.0,2121.468,1767.89,1414.3120000000001,grid-connected,0.0,1.0,3500,3500,0.1,
2022-06-16 09:30:00,3533.1675000000005,3953.67,-600.0,-450.0,-300.0,1953.267,1627.7225,1302.178,grid-connected,0.0,1.0,3500,3500,0.1,
2022-06-16 09:35:00,3326.5575,3533.1675,-600.0,-450.0,-300.0,1870.623,1558.8525,1247.082,grid-connected,0.0,1.0,3500,3500,0.1,
2022-06-16 09:40:00,3553.5674999999997,3326.5575,-600.0,-450.0,-300.0,1961.427,1634.5225,1307.618,grid-connected,0.0,1.0,3500,3500,0.1,
2022-06-16 09:45:00,4051.8525,3553.5675,-600.0,-450.0,-300.0,2160.741,1800.6174999999998,1440.494,grid-connected,0.0,1.0,3500,3500,0.1,
2022-06-16 09:50:00,4487.4975,4051.8525,-600.0,-450.0,-300.0,2334.9990000000003,1945.8325000000002,1556.6660000000002,grid-connected,0.0,1.0,3500,3500,0.1,
2022-06-16 09:55:00,4709.9325,4487.4975,-600.0,-450.0,-300.0,2423.973,2019.9775,1615.982,grid-connected,0.0,1.0,3500,3500,0.1,
2022-06-16 10:00:00,4791.21,4709.9325,-600.0,-450.0,-300.0,2456.484,2047.07,1637.656,grid-connected,0.0,1.0,3500,3500,0.1,
2022-06-16 10:05:00,4732.59,4791.21,-600.0,-450.0,-300.0,2433.036,2027.53,1622.024,grid-connected,0.0,1.0,3500,3500,0.1,
2022-06-16 10:10:00,4556.594999999999,4732.59,-600.0,-450.0,-300.0,2362.638,1968.865,1575.0919999999999,grid-connected,0.0,1.0,3500,3500,0.1,
2022-06-16 10:15:00,4306.147499999999,4556.595,-600.0,-450.0,-300.0,2262.459,1885.3825,1508.3059999999998,grid-connected,0.0,1.0,3500,3500,0.1,
2022-06-16 10:20:00,4046.9399999999996,4306.1475,-600.0,-450.0,-300.0,2158.776,1798.98,1439.184,grid-connected,0.0,1.0,3500,3500,0.1,
2022-06-16 10:25:00,3902.5875,4046.94,-600.0,-450.0,-300.0,2101.035,1750.8625,1400.69,grid-connected,0.0,1.0,3500,3500,0.1,
2022-06-16 10:30:00,3824.085,3902.5875,-600.0,-450.0,-300.0,2069.634,1724.695,1379.756,grid-connected,0.0,1.0,3500,3500,0.1,
2022-06-16 10:35:00,3671.2875000000004,3824.085,-600.0,-450.0,-300.0,2008.515,1673.7625,1339.01,grid-connected,0.0,1.0,3500,3500,0.1,
2022-06-16 10:40:00,3383.79,3671.2875,-600.0,-450.0,-300.0,1893.5159999999998,1577.9299999999998,1262.3439999999998,grid-connected,0.0,1.0,3500,3500,0.1,
2022-06-16 10:45:00,3001.5074999999997,3383.79,-600.0,-450.0,-300.0,1740.6029999999998,1450.5024999999998,1160.402,grid-connected,0.0,1.0,3500,3500,0.1,
2022-06-16 10:50:00,2657.0025000000005,3001.5075,-600.0,-450.0,-300.0,1602.8010000000002,1335.6675,1068.534,grid-connected,0.0,1.0,3500,3500,0.1,
2022-06-16 10:55:00,2445.285,2657.0025,-600.0,-450.0,-300.0,1518.114,1265.095,1012.076,grid-connected,0.0,1.0,3500,3500,0.1,
2022-06-16 11:00:00,2341.4025,2445.285,-600.0,-450.0,-300.0,1476.561,1230.4675,984.374,grid-connected,0.0,1.0,3500,3500,0.1,
2022-06-16 11:05:00,2263.5075,2341.4025,-600.0,-450.0,-300.0,1445.403,1204.5025,963.602,grid-connected,0.0,1.0,3500,3500,0.1,
2022-06-16 11:10:00,2235.0075,2263.5075,-600.0,-450.0,-300.0,1434.003,1195.0025,956.0020000000001,grid-connected,0.0,1.0,3500,3500,0.1,
2022-06-16 11:15:00,2270.9249999999997,2235.0075,-600.0,-450.0,-300.0,1448.37,1206.975,965.58,grid-connected,0.0,1.0,3500,3500,0.1,
2022-06-16 11:20:00,2454.81,2270.925,-600.0,-450.0,-300.0,1521.924,1268.27,1014.616,grid-connected,0.0,1.0,3500,3500,0.1,
2022-06-16 11:25:00,2898.0525,2454.81,-600.0,-450.0,-300.0,1699.221,1416.0175,1132.814,grid-connected,0.0,1.0,3500,3500,0.1,
2022-06-16 11:30:00,3468.6525,2898.0525,-600.0,-450.0,-300.0,1927.461,1606.2175,1284.9740000000002,grid-connected,0.0,1.0,3500,3500,0.1,
2022-06-16 11:35:00,3989.7974999999997,3468.6525,-600.0,-450.0,-300.0,2135.919,1779.9325,1423.946,grid-connected,0.0,1.0,3500,3500,0.1,
2022-06-16 11:40:00,4370.3325,3989.7975,-600.0,-450.0,-300.0,2288.1330000000003,1906.7775000000001,1525.422,grid-connected,0.0,1.0,3500,3500,0.1,
2022-06-16 11:45:00,4641.6449999999995,4370.3325,-600.0,-450.0,-300.0,2396.658,1997.215,1597.772,grid-connected,0.0,1.0,3500,3500,0.1,
2022-06-16 11:50:00,4821.1575,4641.645,-600.0,-450.0,-300.0,2468.463,2057.0525000000002,1645.642,grid-connected,0.0,1.0,3500,3500,0.1,
2022-06-16 11:55:00,4881.255,4821.1575,-600.0,-450.0,-300.0,2492.502,2077.085,1661.668,grid-connected,0.0,1.0,3500,3500,0.1,
2022-06-16 12:00:00,4865.895,4881.255,-600.0,-450.0,-300.0,2486.358,2071.965,1657.5720000000001,grid-connected,0.0,1.0,3500,3500,0.1,
2022-06-16 12:05:00,4833.6900000000005,4865.895,-600.0,-450.0,-300.0,2473.476,2061.23,1648.984,grid-connected,0.0,1.0,3500,3500,0.1,
2022-06-16 12:10:00,4801.14,4833.69,-600.0,-450.0,-300.0,2460.456,2050.38,1640.304,grid-connected,0.0,1.0,3500,3500,0.1,
2022-06-16 12:15:00,4766.5125,4801.14,-600.0,-450.0,-300.0,2446.605,2038.8375,1631.07,grid-connected,0.0,1.0,3500,3500,0.1,
2022-06-16 12:20:00,4733.054999999999,4766.5125,-600.0,-450.0,-300.0,2433.2219999999998,2027.685,1622.148,grid-connected,0.0,1.0,3500,3500,0.1,
2022-06-16 12:25:00,4703.3475,4733.055,-600.0,-450.0,-300.0,2421.339,2017.7825,1614.2259999999999,grid-connected,0.0,1.0,3500,3500,0.1,
2022-06-16 12:30:00,4673.8425,4703.3475,-600.0,-450.0,-300.0,2409.537,2007.9475,1606.358,grid-connected,0.0,1.0,3500,3500,0.1,
2022-06-16 12:35:00,4637.3625,4673.8425,-600.0,-450.0,-300.0,2394.945,1995.7875,1596.6299999999999,grid-connected,0.0,1.0,3500,3500,0.1,
2022-06-16 12:40:00,4589.595,4637.3625,-600.0,-450.0,-300.0,2375.838,1979.865,1583.892,grid-connected,0.0,1.0,3500,3500,0.1,
2022-06-16 12:45:00,4533.885,4589.595,-600.0,-450.0,-300.0,2353.554,1961.295,1569.036,grid-connected,0.0,1.0,3500,3500,0.1,
2022-06-16 12:50:00,4479.84,4533.885,-600.0,-450.0,-300.0,2331.936,1943.28,1554.624,grid-connected,0.0,1.0,3500,3500,0.1,
2022-06-16 12:55:00,4434.3825,4479.84,-600.0,-450.0,-300.0,2313.753,1928.1275,1542.502,grid-connected,0.0,1.0,3500,3500,0.1,
2022-06-16 13:00:00,4389.84,4434.3825,-600.0,-450.0,-300.0,2295.936,1913.28,1530.624,grid-connected,0.0,1.0,3500,3500,0.1,
2022-06-16 13:05:00,4338.03,4389.84,-600.0,-450.0,-300.0,2275.212,1896.01,1516.808,grid-connected,0.0,1.0,3500,3500,0.1,
2022-06-16 13:10:00,4269.0825,4338.03,-600.0,-450.0,-300.0,2247.633,1873.0275,1498.422,grid-connected,0.0,1.0,3500,3500,0.1,
2022-06-16 13:15:00,4173.3675,4269.0825,-600.0,-450.0,-300.0,2209.347,1841.1225,1472.8980000000001,grid-connected,0.0,1.0,3500,3500,0.1,
2022-06-16 13:20:00,4014.795,4173.3675,-600.0,-450.0,-300.0,2145.918,1788.265,1430.612,grid-connected,0.0,1.0,3500,3500,0.1,
2022-06-16 13:25:00,3735.5549999999994,4014.795,-600.0,-450.0,-300.0,2034.2219999999998,1695.185,1356.148,grid-connected,0.0,1.0,3500,3500,0.1,
2022-06-16 13:30:00,3392.4675000000007,3735.555,-600.0,-450.0,-300.0,1896.987,1580.8225,1264.6580000000001,grid-connected,0.0,1.0,3500,3500,0.1,
2022-06-16 13:35:00,3099.4349999999995,3392.4675,-600.0,-450.0,-300.0,1779.774,1483.145,1186.5159999999998,grid-connected,0.0,1.0,3500,3500,0.1,
2022-06-16 13:40:00,2929.4025,3099.435,-600.0,-450.0,-300.0,1711.761,1426.4675,1141.174,grid-connected,0.0,1.0,3500,3500,0.1,
2022-06-16 13:45:00,2839.5525,2929.4025,-600.0,-450.0,-300.0,1675.821,1396.5175,1117.214,grid-connected,0.0,1.0,3500,3500,0.1,
2022-06-16 13:50:00,2877.81,2839.5525,-600.0,-450.0,-300.0,1691.124,1409.27,1127.416,grid-connected,0.0,1.0,3500,3500,0.1,
2022-06-16 13:55:00,3006.3674999999994,2877.81,-600.0,-450.0,-300.0,1742.5469999999998,1452.1225,1161.6979999999999,grid-connected,0.0,1.0,3500,3500,0.1,
2022-06-16 14:00:00,3166.6124999999993,3006.3675,-600.0,-450.0,-300.0,1806.6449999999998,1505.5375,1204.4299999999998,grid-connected,0.0,1.0,3500,3500,0.1,
2022-06-16 14:05:00,3139.1624999999995,3166.6125,-600.0,-450.0,-300.0,1795.6649999999997,1496.3874999999998,1197.11,grid-connected,0.0,1.0,3500,3500,0.1,
2022-06-16 14:10:00,2864.8725000000004,3139.1625,-600.0,-450.0,-300.0,1685.949,1404.9575,1123.9660000000001,grid-connected,0.0,1.0,3500,3500,0.1,
2022-06-16 14:15:00,2448.825,2864.8725,-600.0,-450.0,-300.0,1519.53,1266.275,1013.02,grid-connected,0.0,1.0,3500,3500,0.1,
2022-06-16 14:20:00,2211.6749999999997,2448.825,-600.0,-450.0,-300.0,1424.6699999999998,1187.225,949.78,grid-connected,0.0,1.0,3500,3500,0.1,
2022-06-16 14:25:00,2270.5125000000003,2211.675,-600.0,-450.0,-300.0,1448.2050000000002,1206.8375,965.47,grid-connected,0.0,1.0,3500,3500,0.1,
2022-06-16 14:30:00,2479.4625,2270.5125,-600.0,-450.0,-300.0,1531.785,1276.4875,1021.19,grid-connected,0.0,1.0,3500,3500,0.1,
2022-06-16 14:35:00,2636.8425,2479.4625,-600.0,-450.0,-300.0,1594.737,1328.9475,1063.1580000000001,grid-connected,0.0,1.0,3500,3500,0.1,
2022-06-16 14:40:00,2650.1625000000004,2636.8425,-600.0,-450.0,-300.0,1600.065,1333.3875,1066.71,grid-connected,0.0,1.0,3500,3500,0.1,
2022-06-16 14:45:00,2568.7799999999997,2650.1625,-600.0,-450.0,-300.0,1567.512,1306.26,1045.008,grid-connected,0.0,1.0,3500,3500,0.1,
2022-06-16 14:50:00,2383.905,2568.78,-600.0,-450.0,-300.0,1493.5620000000001,1244.635,995.7080000000001,grid-connected,0.0,1.0,3500,3500,0.1,
2022-06-16 14:55:00,2097.99,2383.905,-600.0,-450.0,-300.0,1379.196,1149.33,919.4639999999999,grid-connected,0.0,1.0,3500,3500,0.1,
2022-06-16 15:00:00,1766.3850000000002,2097.99,-600.0,-450.0,-300.0,1246.554,1038.795,831.036,grid-connected,0.0,1.0,3500,3500,0.1,
2022-06-16 15:05:00,1501.2075000000002,1766.385,-600.0,-450.0,-300.0,1140.4830000000002,950.4025,760.322,grid-connected,0.0,1.0,3500,3500,0.1,
2022-06-16 15:10:00,1333.4325000000003,1501.2075,-600.0,-450.0,-300.0,1073.373,894.4775000000001,715.5820000000001,grid-connected,0.0,1.0,3500,3500,0.1,
2022-06-16 15:15:00,1226.3625000000002,1333.4325,-600.0,-450.0,-300.0,1030.545,858.7875,687.03,grid-connected,0.0,1.0,3500,3500,0.1,
2022-06-16 15:20:00,1131.12,1226.3625,-600.0,-450.0,-300.0,992.448,827.04,661.632,grid-connected,0.0,1.0,3500,3500,0.1,
2022-06-16 15:25:00,1038.9449999999997,1131.12,-600.0,-450.0,-300.0,955.578,796.3149999999999,637.0519999999999,grid-connected,0.0,1.0,3500,3500,0.1,
2022-06-16 15:30:00,953.8274999999999,1038.945,-600.0,-450.0,-300.0,921.531,767.9425,614.3539999999999,grid-connected,0.0,1.0,3500,3500,0.1,
2022-06-16 15:35:00,880.7250000000001,953.8275,-600.0,-450.0,-300.0,892.2900000000001,743.575,594.86,grid-connected,0.0,1.0,3500,3500,0.1,
2022-06-16 15:40:00,831.5850000000003,880.725,-600.0,-450.0,-300.0,872.6340000000001,727.195,581.7560000000001,grid-connected,0.0,1.0,3500,3500,0.1,
2022-06-16 15:45:00,787.0124999999999,831.585,-600.0,-450.0,-300.0,854.805,712.3375,569.87,grid-connected,0.0,1.0,3500,3500,0.1,
2022-06-16 15:50:00,690.0074999999998,787.0125,-600.0,-450.0,-300.0,816.0029999999999,680.0024999999999,544.002,grid-connected,0.0,1.0,3500,3500,0.1,
2022-06-16 15:55:00,548.28,690.0075,-600.0,-450.0,-300.0,759.312,632.76,506.20799999999997,grid-connected,0.0,1.0,3500,3500,0.1,
2022-06-16 16:00:00,401.9775,548.28,-600.0,-450.0,-300.0,700.791,583.9925,467.194,grid-connected,0.0,1.0,3500,3500,0.1,
2022-06-16 16:05:00,293.4150000000001,401.9775,-600.0,-450.0,-300.0,657.366,547.8050000000001,438.244,grid-connected,0.0,1.0,3500,3500,0.1,
2022-06-16 16:10:00,232.88249999999994,293.415,-600.0,-450.0,-300.0,633.153,527.6274999999999,422.102,grid-connected,0.0,1.0,3500,3500,0.1,
2022-06-16 16:15:00,186.65999999999985,232.8825,-600.0,-450.0,-300.0,614.664,512.2199999999999,409.77599999999995,grid-connected,0.0,1.0,3500,3500,0.1,
2022-06-16 16:20:00,126.71249999999986,186.66,-600.0,-450.0,-300.0,590.685,492.23749999999995,393.78999999999996,grid-connected,0.0,1.0,3500,3500,0.1,
2022-06-16 16:25:00,55.342499999999916,126.7125,-600.0,-450.0,-300.0,562.137,468.4475,374.758,grid-connected,0.0,1.0,3500,3500,0.1,
2022-06-16 16:30:00,-19.034999999999854,55.3425,-600.0,-450.0,-300.0,532.3860000000001,443.65500000000003,354.92400000000004,grid-connected,0.0,1.0,3500,3500,0.1,
2022-06-16 16:35:00,-105.29250000000002,0.0,-600.0,-450.0,-300.0,497.883,414.9025,331.92199999999997,grid-connected,0.0,0.9995467857142858,3498.41375,3500,0.1,
2022-06-16 16:40:00,-226.45500000000004,0.0,-600.0,-450.0,-300.0,449.418,374.515,299.61199999999997,grid-connected,0.0,0.9970398214285715,3489.639375,3500,0.1,
2022-06-16 16:45:00,-382.02749999999986,0.0,-600.0,-450.0,-300.0,387.189,322.6575,258.12600000000003,grid-connected,0.0,0.9916480357142857,3470.768125,3500,0.1,
2022-06-16 16:50:00,-539.445,0.0,-600.0,-450.0,-300.0,324.22200000000004,270.185,216.148,grid-connected,0.0,0.9825521428571429,3438.9325,3500,0.1,
2022-06-16 16:55:00,-669.1724999999999,0.0,-600.0,-450.0,-300.0,272.331,226.9425,181.554,grid-connected,0.0,0.9697082142857142,3393.9787499999998,3500,0.1,
2022-06-16 17:00:00,-770.4674999999999,0.0,-600.0,-450.0,-300.0,231.81300000000002,193.1775,154.542,grid-connected,0.0,0.9537755357142856,3338.2143749999996,3500,0.1,
2022-06-16 17:05:00,-853.9499999999999,0.0,-600.0,-450.0,-300.0,198.42000000000002,165.35000000000002,132.28,grid-connected,0.0,0.9354310714285713,3274.0087499999995,3500,0.1,
2022-06-16 17:10:00,-925.125,0.0,-600.0,-450.0,-300.0,169.95,141.625,113.3,grid-connected,0.0,0.9150989285714285,3202.8462499999996,3500,0.1,
2022-06-16 17:15:00,-982.3275000000001,0.0,-600.0,-450.0,-300.0,147.069,122.55749999999999,98.04599999999999,grid-connected,0.0,0.8930721428571428,3125.7524999999996,3500,0.1,
2022-06-16 17:20:00,-1028.2575,0.0,-600.0,-450.0,-300.0,128.697,107.2475,85.798,grid-connected,0.0,0.8696833928571428,3043.891875,3500,0.1,
2022-06-16 17:25:00,-1057.3725,0.0,-600.0,-450.0,-300.0,117.05100000000002,97.5425,78.034,grid-connected,0.0,0.8452010714285714,2958.2037499999997,3500,0.1,
2022-06-16 17:30:00,-1063.7025,0.0,-600.0,-450.0,-300.0,114.51899999999999,95.43249999999999,76.346,grid-connected,0.0,0.8200255357142856,2870.0893749999996,3500,0.1,
2022-06-16 17:35:00,-1063.515,0.0,-600.0,-450.0,-300.0,114.59400000000001,95.495,76.396,grid-connected,0.0,0.7946992857142856,2781.4474999999998,3500,0.1,
2022-06-16 17:40:00,-1064.07,0.0,-600.0,-450.0,-300.0,114.372,95.31,76.24799999999999,grid-connected,0.0,0.7693774999999999,2692.82125,3500,0.1,
2022-06-16 17:45:00,-1065.5325,0.0,-600.0,-450.0,-300.0,113.78699999999999,94.82249999999999,75.85799999999999,grid-connected,0.0,0.7440424999999999,2604.14875,3500,0.1,
2022-06-16 17:50:00,-1067.4075,0.0,-600.0,-450.0,-300.0,113.03699999999999,94.19749999999999,75.35799999999999,grid-connected,0.0,0.7186726785714286,2515.354375,3500,0.1,
2022-06-16 17:55:00,-1070.1225,0.0,-600.0,-450.0,-300.0,111.95100000000001,93.2925,74.634,grid-connected,0.0,0.6932582142857143,2426.40375,3500,0.1,
2022-06-16 18:00:00,-1073.5725000000002,0.0,-600.0,-450.0,-300.0,110.571,92.1425,73.714,grid-connected,0.0,0.667779107142857,2337.226875,3500,0.1,
2022-06-16 18:05:00,-1076.8875000000003,0.0,-600.0,-450.0,-300.0,109.245,91.03750000000001,72.83000000000001,grid-connected,0.0,0.6422178571428571,2247.7625,3500,0.1,
2022-06-16 18:10:00,-1079.5575000000001,0.0,-600.0,-450.0,-300.0,108.177,90.14750000000001,72.118,grid-connected,0.0,0.6165776785714285,2158.021875,3500,0.1,
2022-06-16 18:15:00,-1083.4125000000001,0.0,-600.0,-450.0,-300.0,106.635,88.8625,71.09,grid-connected,0.0,0.5908739285714285,2068.0587499999997,3500,0.1,
2022-06-16 18:20:00,-1091.2575,0.0,-600.0,-450.0,-300.0,103.497,86.2475,68.998,grid-connected,0.0,0.5650783928571428,1977.7743749999997,3500,0.1,
2022-06-16 18:25:00,-1103.745,0.0,-600.0,-450.0,-300.0,98.50200000000001,82.08500000000001,65.668,grid-connected,0.0,0.5390960714285714,1886.8362499999998,3500,0.1,
2022-06-16 18:30:00,-1119.2475,0.0,-600.0,-450.0,-300.0,92.301,76.9175,61.534,grid-connected,0.0,0.5128164285714285,1794.8574999999998,3500,0.1,
2022-06-16 18:35:00,-1136.7075,0.0,-600.0,-450.0,-300.0,85.317,71.0975,56.878,grid-connected,0.0,0.48616767857142856,1701.586875,3500,0.1,
2022-06-16 18:40:00,-1155.765,0.0,-600.0,-450.0,-300.0,77.694,64.745,51.796,grid-connected,0.0,0.45910321428571427,1606.86125,3500,0.1,
2022-06-16 18:45:00,-1176.1875,0.0,-600.0,-450.0,-300.0,69.525,57.9375,46.35,grid-connected,0.0,0.431585,1510.5475,3500,0.1,
2022-06-16 18:50:00,-1198.0649999999998,0.0,-600.0,-450.0,-300.0,60.77400000000001,50.645,40.516000000000005,grid-connected,0.0,0.4035805357142857,1412.531875,3500,0.1,
2022-06-16 18:55:00,-1221.675,0.0,-600.0,-450.0,-300.0,51.33,42.775,34.22,grid-connected,0.0,0.37505517857142856,1312.693125,3500,0.1,
2022-06-16 19:00:00,-1247.5425000000002,0.0,-600.0,-450.0,-300.0,40.983,34.152499999999996,27.322,grid-connected,0.0,0.34596767857142857,1210.886875,3500,0.1,
2022-06-16 19:05:00,-1275.6225,0.0,-600.0,-450.0,-300.0,29.751,24.7925,19.834,grid-connected,0.0,0.3162642857142857,1106.925,3500,0.1,
2022-06-16 19:10:00,-1304.97,0.0,-600.0,-450.0,-300.0,18.012,15.01,12.008,grid-connected,0.0,0.2858923214285714,1000.623125,3500,0.1,
2022-06-16 19:15:00,-1334.6775,0.0,-600.0,-450.0,-300.0,6.1290000000000004,5.1075,4.086,grid-connected,0.0,0.2548216071428571,891.8756249999999,3500,0.1,
2022-06-16 19:20:00,-1350.0,0.0,-600.0,-450.0,-300.0,0.0,0.0,0.0,grid-connected,0.0,0.2230435714285714,780.6524999999999,3500,0.1,
2022-06-16 19:25:00,-570.0,0.0,-253.33333333333331,-190.0,-126.66666666666666,0.0,0.0,0.0,grid-connected,0.0,0.19090071428571426,668.1524999999999,3500,0.1,
2022-06-16 19:30:00,-570.0,0.0,-253.33333333333331,-190.0,-126.66666666666666,0.0,0.0,0.0,grid-connected,0.0,0.1773292857142857,620.6524999999999,3500,0.1,
2022-06-16 19:35:00,-570.0,0.0,-253.33333333333331,-190.0,-126.66666666666666,0.0,0.0,0.0,grid-connected,0.0,0.16375785714285712,573.1524999999999,3500,0.1,
2022-06-16 19:40:00,-570.0,0.0,-253.33333333333331,-190.0,-126.66666666666666,0.0,0.0,0.0,grid-connected,0.0,0.15018642857142855,525.6524999999999,3500,0.1,
2022-06-16 19:45:00,-570.0,0.0,-253.33333333333331,-190.0,-126.66666666666666,0.0,0.0,0.0,grid-connected,0.0,0.136615,478.1524999999999,3500,0.1,
2022-06-16 19:50:00,-570.0,0.0,-253.33333333333331,-190.0,-126.66666666666666,0.0,0.0,0.0,grid-connected,0.0,0.1230435714285714,430.6524999999999,3500,0.1,
2022-06-16 19:55:00,-570.0,0.0,-253.33333333333331,-190.0,-126.66666666666666,0.0,0.0,0.0,grid-connected,0.0,0.10947214285714284,383.1524999999999,3500,0.1,
2022-06-16 20:00:00,-570.0,-172.17,-253.33333333333331,-190.0,-126.66666666666666,0.0,0.0,0.0,grid-connected,0.0,0.1,350.0,3500,0.1,
2022-06-16 20:05:00,-570.0,-570.0,-253.33333333333331,-190.0,-126.66666666666666,0.0,0.0,0.0,grid-connected,0.0,0.1,350.0,3500,0.1,
2022-06-16 20:10:00,-570.0,-570.0,-253.33333333333331,-190.0,-126.66666666666666,0.0,0.0,0.0,grid-connected,0.0,0.1,350.0,3500,0.1,
2022-06-16 20:15:00,-570.0,-570.0,-253.33333333333331,-190.0,-126.66666666666666,0.0,0.0,0.0,grid-connected,0.0,0.1,350.0,3500,0.1,
2022-06-16 20:20:00,-570.0,-570.0,-253.33333333333331,-190.0,-126.66666666666666,0.0,0.0,0.0,grid-connected,0.0,0.1,350.0,3500,0.1,
2022-06-16 20:25:00,-570.0,-570.0,-253.33333333333331,-190.0,-126.66666666666666,0.0,0.0,0.0,grid-connected,0.0,0.1,350.0,3500,0.1,
2022-06-16 20:30:00,-570.0,-570.0,-253.33333333333331,-190.0,-126.66666666666666,0.0,0.0,0.0,grid-connected,0.0,0.1,350.0,3500,0.1,
2022-06-16 20:35:00,-570.0,-570.0,-253.33333333333331,-190.0,-126.66666666666666,0.0,0.0,0.0,grid-connected,0.0,0.1,350.0,3500,0.1,
2022-06-16 20:40:00,-570.0,-570.0,-253.33333333333331,-190.0,-126.66666666666666,0.0,0.0,0.0,grid-connected,0.0,0.1,350.0,3500,0.1,
2022-06-16 20:45:00,-570.0,-570.0,-253.33333333333331,-190.0,-126.66666666666666,0.0,0.0,0.0,grid-connected,0.0,0.1,350.0,3500,0.1,
2022-06-16 20:50:00,-570.0,-570.0,-253.33333333333331,-190.0,-126.66666666666666,0.0,0.0,0.0,grid-connected,0.0,0.1,350.0,3500,0.1,
2022-06-16 20:55:00,-570.0,-570.0,-253.33333333333331,-190.0,-126.66666666666666,0.0,0.0,0.0,grid-connected,0.0,0.1,350.0,3500,0.1,
2022-06-16 21:00:00,-570.0,-570.0,-253.33333333333331,-190.0,-126.66666666666666,0.0,0.0,0.0,grid-connected,0.0,0.1,350.0,3500,0.1,
2022-06-16 21:05:00,-570.0,-570.0,-253.33333333333331,-190.0,-126.66666666666666,0.0,0.0,0.0,grid-connected,0.0,0.1,350.0,3500,0.1,
2022-06-16 21:10:00,-570.0,-570.0,-253.33333333333331,-190.0,-126.66666666666666,0.0,0.0,0.0,grid-connected,0.0,0.1,350.0,3500,0.1,
2022-06-16 21:15:00,-570.0,-570.0,-253.33333333333331,-190.0,-126.66666666666666,0.0,0.0,0.0,grid-connected,0.0,0.1,350.0,3500,0.1,
2022-06-16 21:20:00,-570.0,-570.0,-253.33333333333331,-190.0,-126.66666666666666,0.0,0.0,0.0,grid-connected,0.0,0.1,350.0,3500,0.1,
2022-06-16 21:25:00,-570.0,-570.0,-253.33333333333331,-190.0,-126.66666666666666,0.0,0.0,0.0,grid-connected,0.0,0.1,350.0,3500,0.1,
2022-06-16 21:30:00,-570.0,-570.0,-253.33333333333331,-190.0,-126.66666666666666,0.0,0.0,0.0,grid-connected,0.0,0.1,350.0,3500,0.1,
2022-06-16 21:35:00,-570.0,-570.0,-253.33333333333331,-190.0,-126.66666666666666,0.0,0.0,0.0,grid-connected,0.0,0.1,350.0,3500,0.1,
2022-06-16 21:40:00,-570.0,-570.0,-253.33333333333331,-190.0,-126.66666666666666,0.0,0.0,0.0,grid-connected,0.0,0.1,350.0,3500,0.1,
2022-06-16 21:45:00,-570.0,-570.0,-253.33333333333331,-190.0,-126.66666666666666,0.0,0.0,0.0,grid-connected,0.0,0.1,350.0,3500,0.1,
2022-06-16 21:50:00,-570.0,-570.0,-253.33333333333331,-190.0,-126.66666666666666,0.0,0.0,0.0,grid-connected,0.0,0.1,350.0,3500,0.1,
2022-06-16 21:55:00,-570.0,-570.0,-253.33333333333331,-190.0,-126.66666666666666,0.0,0.0,0.0,grid-connected,0.0,0.1,350.0,3500,0.1,
2022-06-16 22:00:00,-570.0,-570.0,-253.33333333333331,-190.0,-126.66666666666666,0.0,0.0,0.0,grid-connected,0.0,0.1,350.0,3500,0.1,
2022-06-16 22:05:00,-570.0,-570.0,-253.33333333333331,-190.0,-126.66666666666666,0.0,0.0,0.0,grid-connected,0.0,0.1,350.0,3500,0.1,
2022-06-16 22:10:00,-570.0,-570.0,-253.33333333333331,-190.0,-126.66666666666666,0.0,0.0,0.0,grid-connected,0.0,0.1,350.0,3500,0.1,
2022-06-16 22:15:00,-570.0,-570.0,-253.33333333333331,-190.0,-126.66666666666666,0.0,0.0,0.0,grid-connected,0.0,0.1,350.0,3500,0.1,
2022-06-16 22:20:00,-570.0,-570.0,-253.33333333333331,-190.0,-126.66666666666666,0.0,0.0,0.0,grid-connected,0.0,0.1,350.0,3500,0.1,
2022-06-16 22:25:00,-570.0,-570.0,-253.33333333333331,-190.0,-126.66666666666666,0.0,0.0,0.0,grid-connected,0.0,0.1,350.0,3500,0.1,
2022-06-16 22:30:00,-570.0,-570.0,-253.33333333333331,-190.0,-126.66666666666666,0.0,0.0,0.0,grid-connected,0.0,0.1,350.0,3500,0.1,
2022-06-16 22:35:00,-570.0,-570.0,-253.33333333333331,-190.0,-126.66666666666666,0.0,0.0,0.0,grid-connected,0.0,0.1,350.0,3500,0.1,
2022-06-16 22:40:00,-570.0,-570.0,-253.33333333333331,-190.0,-126.66666666666666,0.0,0.0,0.0,grid-connected,0.0,0.1,350.0,3500,0.1,
2022-06-16 22:45:00,-570.0,-570.0,-253.33333333333331,-190.0,-126.66666666666666,0.0,0.0,0.0,grid-connected,0.0,0.1,350.0,3500,0.1,
2022-06-16 22:50:00,-570.0,-570.0,-253.33333333333331,-190.0,-126.66666666666666,0.0,0.0,0.0,grid-connected,0.0,0.1,350.0,3500,0.1,
2022-06-16 22:55:00,-570.0,-570.0,-253.33333333333331,-190.0,-126.66666666666666,0.0,0.0,0.0,grid-connected,0.0,0.1,350.0,3500,0.1,
2022-06-16 23:00:00,-570.0,-570.0,-253.33333333333331,-190.0,-126.66666666666666,0.0,0.0,0.0,grid-connected,0.0,0.1,350.0,3500,0.1,
2022-06-16 23:05:00,-570.0,-570.0,-253.33333333333331,-190.0,-126.66666666666666,0.0,0.0,0.0,grid-connected,0.0,0.1,350.0,3500,0.1,
2022-06-16 23:10:00,-570.0,-570.0,-253.33333333333331,-190.0,-126.66666666666666,0.0,0.0,0.0,grid-connected,0.0,0.1,350.0,3500,0.1,
2022-06-16 23:15:00,-570.0,-570.0,-253.33333333333331,-190.0,-126.66666666666666,0.0,0.0,0.0,grid-connected,0.0,0.1,350.0,3500,0.1,
2022-06-16 23:20:00,-570.0,-570.0,-253.33333333333331,-190.0,-126.66666666666666,0.0,0.0,0.0,grid-connected,0.0,0.1,350.0,3500,0.1,
2022-06-16 23:25:00,-570.0,-570.0,-253.33333333333331,-190.0,-126.66666666666666,0.0,0.0,0.0,grid-connected,0.0,0.1,350.0,3500,0.1,
2022-06-16 23:30:00,-570.0,-570.0,-253.33333333333331,-190.0,-126.66666666666666,0.0,0.0,0.0,grid-connected,0.0,0.1,350.0,3500,0.1,
2022-06-16 23:35:00,-570.0,-570.0,-253.33333333333331,-190.0,-126.66666666666666,0.0,0.0,0.0,grid-connected,0.0,0.1,350.0,3500,0.1,
2022-06-16 23:40:00,-570.0,-570.0,-253.33333333333331,-190.0,-126.66666666666666,0.0,0.0,0.0,grid-connected,0.0,0.1,350.0,3500,0.1,
2022-06-16 23:45:00,-570.0,-570.0,-253.33333333333331,-190.0,-126.66666666666666,0.0,0.0,0.0,grid-connected,0.0,0.1,350.0,3500,0.1,
2022-06-16 23:50:00,-570.0,-570.0,-253.33333333333331,-190.0,-126.66666666666666,0.0,0.0,0.0,grid-connected,0.0,0.1,350.0,3500,0.1,
2022-06-16 23:55:00,-570.0,-570.0,-253.33333333333331,-190.0,-126.66666666666666,0.0,0.0,0.0,grid-connected,0.0,0.1,350.0,3500,0.1,
