time,p_delta,p_grid,san_francisco_server_1.p,san_francisco_server_2.p,san_francisco_server_3.p,san_francisco_server_4.p,san_francisco_solar_1.p,san_francisco_solar_2.p,san_francisco_solar_3.p,policy.mode,policy.charge_power,storage.soc,storage.charge_level,storage.capacity,storage.min_soc,storage.c_rate
2022-06-15 00:00:00,3003.3759999999997,0.0,-500,-400,-300,-200,1712.424,1467.792,1223.1599999999999,grid-connected,0.0,0.75,3375.0,4500,0.15,
2022-06-15 00:05:00,3355.4293333333335,0.0,-316.66666666666663,-253.33333333333331,-190.0,-126.66666666666666,1649.704,1414.032,1178.36,grid-connected,0.0,0.805618074074074,3625.2813333333334,4500,0.15,
2022-06-15 00:10:00,3191.6743333333334,0.0,-316.66666666666663,-253.33333333333331,-190.0,-126.66666666666666,1586.0215,1359.4470000000001,1132.8725000000002,grid-connected,0.0,0.8677556543209877,3904.9004444444445,4500,0.15,
2022-06-15 00:15:00,3027.046333333333,0.0,-316.66666666666663,-253.33333333333331,-190.0,-126.66666666666666,1521.9995,1304.571,1087.1425,grid-connected,0.0,0.9268607345679013,4170.873305555556,4500,0.15,
2022-06-15 00:20:00,2862.0583333333334,0.0,-316.66666666666663,-253.33333333333331,-190.0,-126.66666666666666,1457.8374999999999,1249.575,1041.3125,grid-connected,0.0,0.9829171481481482,4423.127166666667,4500,0.15,
2022-06-15 00:25:00,2696.8453333333337,1939.5843333333385,-316.66666666666663,-253.33333333333331,-190.0,-126.66666666666666,1393.588,1194.5040000000001,995.4200000000001,grid-connected,0.0,1.0,4500,4500,0.15,
2022-06-15 00:30:00,2530.840333333333,2696.845333333334,-316.66666666666663,-253.33333333333331,-190.0,-126.66666666666666,1329.0304999999998,1139.1689999999999,949.3074999999999,grid-connected,0.0,1.0,4500,4500,0.15,
2022-06-15 00:35:00,2361.0913333333338,2530.8403333333335,-316.66666666666663,-253.33333333333331,-190.0,-126.66666666666666,1263.017,1082.586,902.1550000000001,grid-connected,0.0,1.0,4500,4500,0.15,
2022-06-15 00:40:00,2187.6163333333334,2361.0913333333347,-316.66666666666663,-253.33333333333331,-190.0,-126.66666666666666,1195.5545,1024.761,853.9675,grid-connected,0.0,1.0,4500,4500,0.15,
2022-06-15 00:45:00,2012.2153333333335,2187.616333333333,-316.66666666666663,-253.33333333333331,-190.0,-126.66666666666666,1127.343,966.294,805.245,grid-connected,0.0,1.0,4500,4500,0.15,
2022-06-15 00:50:00,1836.004333333333,2012.2153333333335,-316.66666666666663,-253.33333333333331,-190.0,-126.66666666666666,1058.8165,907.5569999999999,756.2974999999999,grid-connected,0.0,1.0,4500,4500,0.15,
2022-06-15 00:55:00,1659.8653333333332,1836.0043333333326,-316.66666666666663,-253.33333333333331,-190.0,-126.66666666666666,990.3179999999999,848.8439999999999,707.3699999999999,grid-connected,0.0,1.0,4500,4500,0.15,
2022-06-15 01:00:00,1483.8973333333336,1659.865333333332,-316.66666666666663,-253.33333333333331,-190.0,-126.66666666666666,921.8860000000001,790.1880000000001,658.49,grid-connected,0.0,1.0,4500,4500,0.15,
2022-06-15 01:05:00,1308.0373333333332,1483.897333333334,-316.66666666666663,-253.33333333333331,-190.0,-126.66666666666666,853.496,731.568,609.64,grid-connected,0.0,1.0,4500,4500,0.15,
2022-06-15 01:10:00,1132.6093333333333,1308.037333333334,-316.66666666666663,-253.33333333333331,-190.0,-126.66666666666666,785.274,673.092,560.91,grid-connected,0.0,1.0,4500,4500,0.15,
2022-06-15 01:15:00,958.9183333333333,1132.6093333333326,-316.66666666666663,-253.33333333333331,-190.0,-126.66666666666666,717.7275,615.1949999999999,512.6625,grid-connected,0.0,1.0,4500,4500,0.15,
2022-06-15 01:20:00,786.3343333333335,958.9183333333333,-316.66666666666663,-253.33333333333331,-190.0,-126.66666666666666,650.6115,557.667,464.7225,grid-connected,0.0,1.0,4500,4500,0.15,
2022-06-15 01:25:00,619.8703333333333,786.3343333333327,-316.66666666666663,-253.33333333333331,-190.0,-126.66666666666666,585.8755,502.179,418.48249999999996,grid-connected,0.0,1.0,4500,4500,0.15,
2022-06-15 01:30:00,455.72833333333347,619.870333333332,-316.66666666666663,-253.33333333333331,-190.0,-126.66666666666666,522.0425,447.46500000000003,372.88750000000005,grid-connected,0.0,1.0,4500,4500,0.15,
2022-06-15 01:35:00,288.62533333333346,455.72833333333335,-316.66666666666663,-253.33333333333331,-190.0,-126.66666666666666,457.05800000000005,391.764,326.47,grid-connected,0.0,1.0,4500,4500,0.15,
2022-06-15 01:40:00,203.66533333333342,288.6253333333321,-316.66666666666663,-253.33333333333331,-190.0,-126.66666666666666,424.01800000000003,363.444,302.87,grid-connected,0.0,1.0,4500,4500,0.15,
2022-06-15 01:45:00,169.6993333333334,203.6653333333321,-316.66666666666663,-253.33333333333331,-190.0,-126.66666666666666,410.809,352.122,293.435,grid-connected,0.0,1.0,4500,4500,0.15,
2022-06-15 01:50:00,106.70833333333337,169.6993333333327,-316.66666666666663,-253.33333333333331,-190.0,-126.66666666666666,386.3125,331.125,275.9375,grid-connected,0.0,1.0,4500,4500,0.15,
2022-06-15 01:55:00,-50.76466666666664,106.70833333333333,-316.66666666666663,-253.33333333333331,-190.0,-126.66666666666666,325.07300000000004,278.634,232.195,grid-connected,0.0,1.0,4500,4500,0.15,
2022-06-15 02:00:00,-189.56266666666664,0.0,-316.66666666666663,-253.33333333333331,-190.0,-126.66666666666666,271.096,232.368,193.64,grid-connected,0.0,0.9990599135802468,4495.769611111111,4500,0.15,
2022-06-15 02:05:00,-398.7676666666665,0.0,-316.66666666666663,-253.33333333333331,-190.0,-126.66666666666666,189.73850000000002,162.633,135.5275,grid-connected,0.0,0.9955494938271604,4479.972722222222,4500,0.15,
2022-06-15 02:10:00,-578.4706666666667,0.0,-316.66666666666663,-253.33333333333331,-190.0,-126.66666666666666,119.85399999999998,102.73199999999999,85.60999999999999,grid-connected,0.0,0.9881649074074073,4446.742083333333,4500,0.15,
2022-06-15 02:15:00,-764.5906666666666,0.0,-316.66666666666663,-253.33333333333331,-190.0,-126.66666666666666,47.474,40.692,33.91,grid-connected,0.0,0.9774524876543209,4398.536194444444,4500,0.15,
2022-06-15 02:20:00,-852.7816666666666,0.0,-316.66666666666663,-253.33333333333331,-190.0,-126.66666666666666,13.1775,11.295,9.4125,grid-connected,0.0,0.9632934012345677,4334.820305555555,4500,0.15,
2022-06-15 02:25:00,-886.6666666666666,0.0,-316.66666666666663,-253.33333333333331,-190.0,-126.66666666666666,0.0,0.0,0.0,grid-connected,0.0,0.947501148148148,4263.755166666666,4500,0.15,
2022-06-15 02:30:00,-886.6666666666666,0.0,-316.66666666666663,-253.33333333333331,-190.0,-126.66666666666666,0.0,0.0,0.0,grid-connected,0.0,0.9310813950617283,4189.866277777777,4500,0.15,
2022-06-15 02:35:00,-886.6666666666666,0.0,-316.66666666666663,-253.33333333333331,-190.0,-126.66666666666666,0.0,0.0,0.0,grid-connected,0.0,0.9146616419753085,4115.9773888888885,4500,0.15,
2022-06-15 02:40:00,-886.6666666666666,0.0,-316.66666666666663,-253.33333333333331,-190.0,-126.66666666666666,0.0,0.0,0.0,grid-connected,0.0,0.8982418888888889,4042.0885,4500,0.15,
2022-06-15 02:45:00,-886.6666666666666,0.0,-316.66666666666663,-253.33333333333331,-190.0,-126.66666666666666,0.0,0.0,0.0,grid-connected,0.0,0.8818221358024692,3968.199611111111,4500,0.15,
2022-06-15 02:50:00,-886.6666666666666,0.0,-316.66666666666663,-253.33333333333331,-190.0,-126.66666666666666,0.0,0.0,0.0,grid-connected,0.0,0.8654023827160494,3894.3107222222225,4500,0.15,
2022-06-15 02:55:00,-886.6666666666666,0.0,-316.66666666666663,-253.33333333333331,-190.0,-126.66666666666666,0.0,0.0,0.0,grid-connected,0.0,0.8489826296296298,3820.421833333334,4500,0.15,
2022-06-15 03:00:00,-886.6666666666666,0.0,-316.66666666666663,-253.33333333333331,-190.0,-126.66666666666666,0.0,0.0,0.0,grid-connected,0.0,0.83256287654321,3746.532944444445,4500,0.15,
2022-06-15 03:05:00,-886.6666666666666,0.0,-316.66666666666663,-253.33333333333331,-190.0,-126.66666666666666,0.0,0.0,0.0,grid-connected,0.0,0.8161431234567903,3672.6440555555564,4500,0.15,
2022-06-15 03:10:00,-859.4776666666667,0.0,-316.66666666666663,-253.33333333333331,-190.0,-126.66666666666666,10.5735,9.062999999999999,7.552499999999999,grid-connected,0.0,0.7997233703703706,3598.7551666666677,4500,0.15,
2022-06-15 03:15:00,-222.058,0.0,-100.0,-80.0,-60.0,-40.0,22.533,19.314,16.095,grid-connected,0.0,0.7838071172839508,3527.1320277777786,4500,0.15,
2022-06-15 03:20:00,-227.94399999999996,0.0,-100.0,-80.0,-60.0,-40.0,20.244,17.352,14.46,grid-connected,0.0,0.7796949320987656,3508.627194444445,4500,0.15,
2022-06-15 03:25:00,-252.586,0.0,-100.0,-80.0,-60.0,-40.0,10.661,9.138,7.615,grid-connected,0.0,0.7754737469135804,3489.631861111112,4500,0.15,
2022-06-15 03:30:00,-274.573,0.0,-100.0,-80.0,-60.0,-40.0,2.1105,1.8090000000000002,1.5075,grid-connected,0.0,0.7707962283950619,3468.5830277777786,4500,0.15,
2022-06-15 03:35:00,-280.0,0.0,-100.0,-80.0,-60.0,-40.0,0.0,0.0,0.0,grid-connected,0.0,0.7657115432098768,3445.7019444444454,4500,0.15,
2022-06-15 03:40:00,-280.0,0.0,-100.0,-80.0,-60.0,-40.0,0.0,0.0,0.0,grid-connected,0.0,0.7605263580246916,3422.368611111112,4500,0.15,
2022-06-15 03:45:00,-280.0,0.0,-100.0,-80.0,-60.0,-40.0,0.0,0.0,0.0,grid-connected,0.0,0.7553411728395063,3399.0352777777784,4500,0.15,
2022-06-15 03:50:00,-280.0,0.0,-100.0,-80.0,-60.0,-40.0,0.0,0.0,0.0,grid-connected,0.0,0.7501559876543211,3375.701944444445,4500,0.15,
2022-06-15 03:55:00,-280.0,0.0,-100.0,-80.0,-60.0,-40.0,0.0,0.0,0.0,grid-connected,0.0,0.7449708024691358,3352.3686111111115,4500,0.15,
2022-06-15 04:00:00,-280.0,0.0,-100.0,-80.0,-60.0,-40.0,0.0,0.0,0.0,grid-connected,0.0,0.7397856172839506,3329.035277777778,4500,0.15,
2022-06-15 04:05:00,-280.0,0.0,-100.0,-80.0,-60.0,-40.0,0.0,0.0,0.0,grid-connected,0.0,0.7346004320987655,3305.7019444444445,4500,0.15,
2022-06-15 04:10:00,-280.0,0.0,-100.0,-80.0,-60.0,-40.0,0.0,0.0,0.0,grid-connected,0.0,0.7294152469135802,3282.368611111111,4500,0.15,
2022-06-15 04:15:00,-280.0,0.0,-100.0,-80.0,-60.0,-40.0,0.0,0.0,0.0,grid-connected,0.0,0.724230061728395,3259.0352777777775,4500,0.15,
2022-06-15 04:20:00,-280.0,0.0,-100.0,-80.0,-60.0,-40.0,0.0,0.0,0.0,grid-connected,0.0,0.7190448765432098,3235.701944444444,4500,0.15,
2022-06-15 04:25:00,-280.0,0.0,-100.0,-80.0,-60.0,-40.0,0.0,0.0,0.0,grid-connected,0.0,0.7138596913580245,3212.3686111111106,4500,0.15,
2022-06-15 04:30:00,-280.0,0.0,-100.0,-80.0,-60.0,-40.0,0.0,0.0,0.0,grid-connected,0.0,0.7086745061728393,3189.035277777777,4500,0.15,
2022-06-15 04:35:00,-280.0,0.0,-100.0,-80.0,-60.0,-40.0,0.0,0.0,0.0,grid-connected,0.0,0.7034893209876542,3165.7019444444436,4500,0.15,
2022-06-15 04:40:00,-280.0,0.0,-100.0,-80.0,-60.0,-40.0,0.0,0.0,0.0,grid-connected,0.0,0.6983041358024689,3142.36861111111,4500,0.15,
2022-06-15 04:45:00,-280.0,0.0,-100.0,-80.0,-60.0,-40.0,0.0,0.0,0.0,grid-connected,0.0,0.6931189506172837,3119.0352777777766,4500,0.15,
2022-06-15 04:50:00,-280.0,0.0,-100.0,-80.0,-60.0,-40.0,0.0,0.0,0.0,grid-connected,0.0,0.6879337654320985,3095.701944444443,4500,0.15,
2022-06-15 04:55:00,-280.0,0.0,-100.0,-80.0,-60.0,-40.0,0.0,0.0,0.0,grid-connected,0.0,0.6827485802469132,3072.3686111111097,4500,0.15,
2022-06-15 05:00:00,-280.0,0.0,-100.0,-80.0,-60.0,-40.0,0.0,0.0,0.0,grid-connected,0.0,0.677563395061728,3049.035277777776,4500,0.15,
2022-06-15 05:05:00,-280.0,0.0,-100.0,-80.0,-60.0,-40.0,0.0,0.0,0.0,grid-connected,0.0,0.6723782098765428,3025.7019444444427,4500,0.15,
2022-06-15 05:10:00,-280.0,0.0,-100.0,-80.0,-60.0,-40.0,0.0,0.0,0.0,grid-connected,0.0,0.6671930246913576,3002.368611111109,4500,0.15,
2022-06-15 05:15:00,-280.0,0.0,-100.0,-80.0,-60.0,-40.0,0.0,0.0,0.0,grid-connected,0.0,0.6620078395061724,2979.0352777777757,4500,0.15,
2022-06-15 05:20:00,-280.0,0.0,-100.0,-80.0,-60.0,-40.0,0.0,0.0,0.0,grid-connected,0.0,0.6568226543209872,2955.7019444444422,4500,0.15,
2022-06-15 05:25:00,-280.0,0.0,-100.0,-80.0,-60.0,-40.0,0.0,0.0,0.0,grid-connected,0.0,0.6516374691358019,2932.3686111111087,4500,0.15,
2022-06-15 05:30:00,-280.0,0.0,-100.0,-80.0,-60.0,-40.0,0.0,0.0,0.0,grid-connected,0.0,0.6464522839506167,2909.0352777777753,4500,0.15,
2022-06-15 05:35:00,-280.0,0.0,-100.0,-80.0,-60.0,-40.0,0.0,0.0,0.0,grid-connected,0.0,0.6412670987654315,2885.701944444442,4500,0.15,
2022-06-15 05:40:00,-280.0,0.0,-100.0,-80.0,-60.0,-40.0,0.0,0.0,0.0,grid-connected,0.0,0.6360819135802462,2862.3686111111083,4500,0.15,
2022-06-15 05:45:00,-280.0,0.0,-100.0,-80.0,-60.0,-40.0,0.0,0.0,0.0,grid-connected,0.0,0.6308967283950611,2839.035277777775,4500,0.15,
2022-06-15 05:50:00,-280.0,0.0,-100.0,-80.0,-60.0,-40.0,0.0,0.0,0.0,grid-connected,0.0,0.6257115432098759,2815.7019444444413,4500,0.15,
2022-06-15 05:55:00,-280.0,0.0,-100.0,-80.0,-60.0,-40.0,0.0,0.0,0.0,grid-connected,0.0,0.6205263580246906,2792.368611111108,4500,0.15,
2022-06-15 06:00:00,-280.0,0.0,-100.0,-80.0,-60.0,-40.0,0.0,0.0,0.0,grid-connected,0.0,0.6153411728395054,2769.0352777777744,4500,0.15,
2022-06-15 06:05:00,-280.0,0.0,-100.0,-80.0,-60.0,-40.0,0.0,0.0,0.0,grid-connected,0.0,0.6101559876543202,2745.701944444441,4500,0.15,
2022-06-15 06:10:00,-280.0,0.0,-100.0,-80.0,-60.0,-40.0,0.0,0.0,0.0,grid-connected,0.0,0.6049708024691349,2722.3686111111074,4500,0.15,
2022-06-15 06:15:00,-280.0,0.0,-100.0,-80.0,-60.0,-40.0,0.0,0.0,0.0,grid-connected,0.0,0.5997856172839497,2699.035277777774,4500,0.15,
2022-06-15 06:20:00,-280.0,0.0,-100.0,-80.0,-60.0,-40.0,0.0,0.0,0.0,grid-connected,0.0,0.5946004320987646,2675.7019444444404,4500,0.15,
2022-06-15 06:25:00,-280.0,0.0,-100.0,-80.0,-60.0,-40.0,0.0,0.0,0.0,grid-connected,0.0,0.5894152469135793,2652.368611111107,4500,0.15,
2022-06-15 06:30:00,-280.0,0.0,-100.0,-80.0,-60.0,-40.0,0.0,0.0,0.0,grid-connected,0.0,0.5842300617283941,2629.0352777777734,4500,0.15,
2022-06-15 06:35:00,-280.0,0.0,-100.0,-80.0,-60.0,-40.0,0.0,0.0,0.0,grid-connected,0.0,0.5790448765432089,2605.70194444444,4500,0.15,
2022-06-15 06:40:00,-280.0,0.0,-100.0,-80.0,-60.0,-40.0,0.0,0.0,0.0,grid-connected,0.0,0.5738596913580236,2582.3686111111065,4500,0.15,
2022-06-15 06:45:00,-280.0,0.0,-100.0,-80.0,-60.0,-40.0,0.0,0.0,0.0,grid-connected,0.0,0.5686745061728384,2559.035277777773,4500,0.15,
2022-06-15 06:50:00,-280.0,0.0,-100.0,-80.0,-60.0,-40.0,0.0,0.0,0.0,grid-connected,0.0,0.5634893209876533,2535.7019444444395,4500,0.15,
2022-06-15 06:55:00,-280.0,0.0,-100.0,-80.0,-60.0,-40.0,0.0,0.0,0.0,grid-connected,0.0,0.558304135802468,2512.368611111106,4500,0.15,
2022-06-15 07:00:00,-280.0,0.0,-100.0,-80.0,-60.0,-40.0,0.0,0.0,0.0,grid-connected,0.0,0.5531189506172828,2489.0352777777725,4500,0.15,
2022-06-15 07:05:00,-280.0,0.0,-100.0,-80.0,-60.0,-40.0,0.0,0.0,0.0,grid-connected,0.0,0.5479337654320976,2465.701944444439,4500,0.15,
2022-06-15 07:10:00,-280.0,0.0,-100.0,-80.0,-60.0,-40.0,0.0,0.0,0.0,grid-connected,0.0,0.5427485802469123,2442.3686111111056,4500,0.15,
2022-06-15 07:15:00,-280.0,0.0,-100.0,-80.0,-60.0,-40.0,0.0,0.0,0.0,grid-connected,0.0,0.5375633950617271,2419.035277777772,4500,0.15,
2022-06-15 07:20:00,-280.0,0.0,-100.0,-80.0,-60.0,-40.0,0.0,0.0,0.0,grid-connected,0.0,0.5323782098765419,2395.7019444444386,4500,0.15,
2022-06-15 07:25:00,-280.0,0.0,-100.0,-80.0,-60.0,-40.0,0.0,0.0,0.0,grid-connected,0.0,0.5271930246913566,2372.368611111105,4500,0.15,
2022-06-15 07:30:00,-280.0,0.0,-100.0,-80.0,-60.0,-40.0,0.0,0.0,0.0,grid-connected,0.0,0.5220078395061715,2349.0352777777716,4500,0.15,
2022-06-15 07:35:00,-280.0,0.0,-100.0,-80.0,-60.0,-40.0,0.0,0.0,0.0,grid-connected,0.0,0.5168226543209863,2325.701944444438,4500,0.15,
2022-06-15 07:40:00,-280.0,0.0,-100.0,-80.0,-60.0,-40.0,0.0,0.0,0.0,grid-connected,0.0,0.511637469135801,2302.3686111111047,4500,0.15,
2022-06-15 07:45:00,-280.0,0.0,-100.0,-80.0,-60.0,-40.0,0.0,0.0,0.0,grid-connected,0.0,0.5064522839506158,2279.035277777771,4500,0.15,
2022-06-15 07:50:00,-280.0,0.0,-100.0,-80.0,-60.0,-40.0,0.0,0.0,0.0,grid-connected,0.0,0.5012670987654306,2255.7019444444377,4500,0.15,
2022-06-15 07:55:00,-280.0,0.0,-100.0,-80.0,-60.0,-40.0,0.0,0.0,0.0,grid-connected,0.0,0.4960819135802454,2232.368611111104,4500,0.15,
2022-06-15 08:00:00,-280.0,0.0,-100.0,-80.0,-60.0,-40.0,0.0,0.0,0.0,grid-connected,0.0,0.49089672839506016,2209.0352777777707,4500,0.15,
2022-06-15 08:05:00,-280.0,0.0,-100.0,-80.0,-60.0,-40.0,0.0,0.0,0.0,grid-connected,0.0,0.4857115432098749,2185.7019444444372,4500,0.15,
2022-06-15 08:10:00,-280.0,0.0,-100.0,-80.0,-60.0,-40.0,0.0,0.0,0.0,grid-connected,0.0,0.48052635802468974,2162.3686111111037,4500,0.15,
2022-06-15 08:15:00,-280.0,0.0,-100.0,-80.0,-60.0,-40.0,0.0,0.0,0.0,grid-connected,0.0,0.4753411728395045,2139.0352777777703,4500,0.15,
2022-06-15 08:20:00,-280.0,0.0,-100.0,-80.0,-60.0,-40.0,0.0,0.0,0.0,grid-connected,0.0,0.47015598765431926,2115.701944444437,4500,0.15,
2022-06-15 08:25:00,-280.0,0.0,-100.0,-80.0,-60.0,-40.0,0.0,0.0,0.0,grid-connected,0.0,0.4649708024691341,2092.3686111111033,4500,0.15,
2022-06-15 08:30:00,-280.0,0.0,-100.0,-80.0,-60.0,-40.0,0.0,0.0,0.0,grid-connected,0.0,0.45978561728394884,2069.03527777777,4500,0.15,
2022-06-15 08:35:00,-280.0,0.0,-100.0,-80.0,-60.0,-40.0,0.0,0.0,0.0,grid-connected,0.0,0.45460043209876366,2045.7019444444365,4500,0.15,
2022-06-15 08:40:00,-280.0,0.0,-100.0,-80.0,-60.0,-40.0,0.0,0.0,0.0,grid-connected,0.0,0.44941524691357854,2022.3686111111033,4500,0.15,
2022-06-15 08:45:00,-280.0,0.0,-100.0,-80.0,-60.0,-40.0,0.0,0.0,0.0,grid-connected,0.0,0.44423006172839336,1999.03527777777,4500,0.15,
2022-06-15 08:50:00,-280.0,0.0,-100.0,-80.0,-60.0,-40.0,0.0,0.0,0.0,grid-connected,0.0,0.4390448765432082,1975.7019444444368,4500,0.15,
2022-06-15 08:55:00,-280.0,0.0,-100.0,-80.0,-60.0,-40.0,0.0,0.0,0.0,grid-connected,0.0,0.433859691358023,1952.3686111111035,4500,0.15,
2022-06-15 09:00:00,-280.0,0.0,-100.0,-80.0,-60.0,-40.0,0.0,0.0,0.0,grid-connected,0.0,0.4286745061728378,1929.0352777777703,4500,0.15,
2022-06-15 09:05:00,-280.0,0.0,-100.0,-80.0,-60.0,-40.0,0.0,0.0,0.0,grid-connected,0.0,0.4234893209876527,1905.701944444437,4500,0.15,
2022-06-15 09:10:00,-280.0,0.0,-100.0,-80.0,-60.0,-40.0,0.0,0.0,0.0,grid-connected,0.0,0.4183041358024675,1882.3686111111037,4500,0.15,
2022-06-15 09:15:00,-280.0,0.0,-100.0,-80.0,-60.0,-40.0,0.0,0.0,0.0,grid-connected,0.0,0.4131189506172823,1859.0352777777705,4500,0.15,
2022-06-15 09:20:00,-280.0,0.0,-100.0,-80.0,-60.0,-40.0,0.0,0.0,0.0,grid-connected,0.0,0.40793376543209714,1835.7019444444372,4500,0.15,
2022-06-15 09:25:00,-280.0,0.0,-100.0,-80.0,-60.0,-40.0,0.0,0.0,0.0,grid-connected,0.0,0.402748580246912,1812.368611111104,4500,0.15,
2022-06-15 09:30:00,-280.0,0.0,-100.0,-80.0,-60.0,-40.0,0.0,0.0,0.0,grid-connected,0.0,0.39756339506172683,1789.0352777777707,4500,0.15,
2022-06-15 09:35:00,-280.0,0.0,-100.0,-80.0,-60.0,-40.0,0.0,0.0,0.0,grid-connected,0.0,0.39237820987654165,1765.7019444444375,4500,0.15,
2022-06-15 09:40:00,-280.0,0.0,-100.0,-80.0,-60.0,-40.0,0.0,0.0,0.0,grid-connected,0.0,0.38719302469135647,1742.3686111111042,4500,0.15,
2022-06-15 09:45:00,-280.0,0.0,-100.0,-80.0,-60.0,-40.0,0.0,0.0,0.0,grid-connected,0.0,0.38200783950617134,1719.035277777771,4500,0.15,
2022-06-15 09:50:00,-280.0,0.0,-100.0,-80.0,-60.0,-40.0,0.0,0.0,0.0,grid-connected,0.0,0.37682265432098616,1695.7019444444377,4500,0.15,
2022-06-15 09:55:00,-280.0,0.0,-100.0,-80.0,-60.0,-40.0,0.0,0.0,0.0,grid-connected,0.0,0.371637469135801,1672.3686111111044,4500,0.15,
2022-06-15 10:00:00,-280.0,0.0,-100.0,-80.0,-60.0,-40.0,0.0,0.0,0.0,grid-connected,0.0,0.3664522839506158,1649.0352777777712,4500,0.15,
2022-06-15 10:05:00,-280.0,0.0,-100.0,-80.0,-60.0,-40.0,0.0,0.0,0.0,grid-connected,0.0,0.36126709876543067,1625.701944444438,4500,0.15,
2022-06-15 10:10:00,-280.0,0.0,-100.0,-80.0,-60.0,-40.0,0.0,0.0,0.0,grid-connected,0.0,0.3560819135802455,1602.3686111111047,4500,0.15,
2022-06-15 10:15:00,-280.0,0.0,-100.0,-80.0,-60.0,-40.0,0.0,0.0,0.0,grid-connected,0.0,0.3508967283950603,1579.0352777777714,4500,0.15,
2022-06-15 10:20:00,-280.0,0.0,-100.0,-80.0,-60.0,-40.0,0.0,0.0,0.0,grid-connected,0.0,0.3457115432098751,1555.7019444444381,4500,0.15,
2022-06-15 10:25:00,-280.0,0.0,-100.0,-80.0,-60.0,-40.0,0.0,0.0,0.0,grid-connected,0.0,0.34052635802469,1532.3686111111049,4500,0.15,
2022-06-15 10:30:00,-280.0,0.0,-100.0,-80.0,-60.0,-40.0,0.0,0.0,0.0,grid-connected,0.0,0.3353411728395048,1509.0352777777716,4500,0.15,
2022-06-15 10:35:00,-280.0,0.0,-100.0,-80.0,-60.0,-40.0,0.0,0.0,0.0,grid-connected,0.0,0.33015598765431964,1485.7019444444384,4500,0.15,
2022-06-15 10:40:00,-280.0,0.0,-100.0,-80.0,-60.0,-40.0,0.0,0.0,0.0,grid-connected,0.0,0.32497080246913446,1462.368611111105,4500,0.15,
2022-06-15 10:45:00,-280.0,0.0,-100.0,-80.0,-60.0,-40.0,0.0,0.0,0.0,grid-connected,0.0,0.3197856172839493,1439.0352777777719,4500,0.15,
2022-06-15 10:50:00,-280.0,0.0,-100.0,-80.0,-60.0,-40.0,0.0,0.0,0.0,grid-connected,0.0,0.31460043209876415,1415.7019444444386,4500,0.15,
2022-06-15 10:55:00,-280.0,0.0,-100.0,-80.0,-60.0,-40.0,0.0,0.0,0.0,grid-connected,0.0,0.30941524691357897,1392.3686111111053,4500,0.15,
2022-06-15 11:00:00,-280.0,0.0,-100.0,-80.0,-60.0,-40.0,0.0,0.0,0.0,grid-connected,0.0,0.3042300617283938,1369.035277777772,4500,0.15,
2022-06-15 11:05:00,-280.0,0.0,-100.0,-80.0,-60.0,-40.0,0.0,0.0,0.0,grid-connected,0.0,0.2990448765432086,1345.7019444444388,4500,0.15,
2022-06-15 11:10:00,-280.0,0.0,-100.0,-80.0,-60.0,-40.0,0.0,0.0,0.0,grid-connected,0.0,0.2938596913580235,1322.3686111111056,4500,0.15,
2022-06-15 11:15:00,-280.0,0.0,-100.0,-80.0,-60.0,-40.0,0.0,0.0,0.0,grid-connected,0.0,0.2886745061728383,1299.0352777777723,4500,0.15,
2022-06-15 11:20:00,-280.0,0.0,-100.0,-80.0,-60.0,-40.0,0.0,0.0,0.0,grid-connected,0.0,0.2834893209876531,1275.701944444439,4500,0.15,
2022-06-15 11:25:00,-280.0,0.0,-100.0,-80.0,-60.0,-40.0,0.0,0.0,0.0,grid-connected,0.0,0.27830413580246793,1252.3686111111058,4500,0.15,
2022-06-15 11:30:00,-280.0,0.0,-100.0,-80.0,-60.0,-40.0,0.0,0.0,0.0,grid-connected,0.0,0.2731189506172828,1229.0352777777725,4500,0.15,
2022-06-15 11:35:00,-280.0,0.0,-100.0,-80.0,-60.0,-40.0,0.0,0.0,0.0,grid-connected,0.0,0.2679337654320976,1205.7019444444393,4500,0.15,
2022-06-15 11:40:00,-280.0,0.0,-100.0,-80.0,-60.0,-40.0,0.0,0.0,0.0,grid-connected,0.0,0.26274858024691244,1182.368611111106,4500,0.15,
2022-06-15 11:45:00,-280.0,0.0,-100.0,-80.0,-60.0,-40.0,0.0,0.0,0.0,grid-connected,0.0,0.25756339506172726,1159.0352777777728,4500,0.15,
2022-06-15 11:50:00,-280.0,0.0,-100.0,-80.0,-60.0,-40.0,0.0,0.0,0.0,grid-connected,0.0,0.25237820987654214,1135.7019444444395,4500,0.15,
2022-06-15 11:55:00,-280.0,0.0,-100.0,-80.0,-60.0,-40.0,0.0,0.0,0.0,grid-connected,0.0,0.24719302469135696,1112.3686111111062,4500,0.15,
2022-06-15 12:00:00,-280.0,0.0,-100.0,-80.0,-60.0,-40.0,0.0,0.0,0.0,grid-connected,0.0,0.24200783950617177,1089.035277777773,4500,0.15,
2022-06-15 12:05:00,-280.0,0.0,-100.0,-80.0,-60.0,-40.0,0.0,0.0,0.0,grid-connected,0.0,0.23682265432098662,1065.7019444444397,4500,0.15,
2022-06-15 12:10:00,-280.0,0.0,-100.0,-80.0,-60.0,-40.0,0.0,0.0,0.0,grid-connected,0.0,0.23163746913580144,1042.3686111111065,4500,0.15,
2022-06-15 12:15:00,-280.0,0.0,-100.0,-80.0,-60.0,-40.0,0.0,0.0,0.0,grid-connected,0.0,0.22645228395061626,1019.0352777777731,4500,0.15,
2022-06-15 12:20:00,-280.0,0.0,-100.0,-80.0,-60.0,-40.0,0.0,0.0,0.0,grid-connected,0.0,0.22126709876543105,995.7019444444397,4500,0.15,
2022-06-15 12:25:00,-280.0,0.0,-100.0,-80.0,-60.0,-40.0,0.0,0.0,0.0,grid-connected,0.0,0.21608191358024587,972.3686111111064,4500,0.15,
2022-06-15 12:30:00,-280.0,0.0,-100.0,-80.0,-60.0,-40.0,0.0,0.0,0.0,grid-connected,0.0,0.21089672839506066,949.035277777773,4500,0.15,
2022-06-15 12:35:00,-280.0,0.0,-100.0,-80.0,-60.0,-40.0,0.0,0.0,0.0,grid-connected,0.0,0.20571154320987547,925.7019444444396,4500,0.15,
2022-06-15 12:40:00,-280.0,0.0,-100.0,-80.0,-60.0,-40.0,0.0,0.0,0.0,grid-connected,0.0,0.20052635802469027,902.3686111111062,4500,0.15,
2022-06-15 12:45:00,-280.0,0.0,-100.0,-80.0,-60.0,-40.0,0.0,0.0,0.0,grid-connected,0.0,0.19534117283950508,879.0352777777729,4500,0.15,
2022-06-15 12:50:00,-280.0,0.0,-100.0,-80.0,-60.0,-40.0,0.0,0.0,0.0,grid-connected,0.0,0.1901559876543199,855.7019444444395,4500,0.15,
2022-06-15 12:55:00,-264.196,0.0,-100.0,-80.0,-60.0,-40.0,6.146,5.268,4.39,grid-connected,0.0,0.1849708024691347,832.3686111111061,4500,0.15,
2022-06-15 13:00:00,-228.844,0.0,-100.0,-80.0,-60.0,-40.0,19.894,17.052,14.209999999999999,grid-connected,0.0,0.18007828395061617,810.3522777777728,4500,0.15,
2022-06-15 13:05:00,-203.91400000000002,0.0,-100.0,-80.0,-60.0,-40.0,29.589,25.362,21.134999999999998,grid-connected,0.0,0.17584043209876432,791.2819444444394,4500,0.15,
2022-06-15 13:10:00,-183.862,0.0,-100.0,-80.0,-60.0,-40.0,37.387,32.046,26.705000000000002,grid-connected,0.0,0.17206424691357913,774.2891111111061,4500,0.15,
2022-06-15 13:15:00,-161.623,0.0,-100.0,-80.0,-60.0,-40.0,46.0355,39.458999999999996,32.8825,grid-connected,0.0,0.16865939506172728,758.9672777777728,4500,0.15,
2022-06-15 13:20:00,-127.126,0.0,-100.0,-80.0,-60.0,-40.0,59.451,50.958000000000006,42.465,grid-connected,0.0,0.16566637654320876,745.4986944444395,4500,0.15,
2022-06-15 13:25:00,-88.26399999999998,0.0,-100.0,-80.0,-60.0,-40.0,74.56400000000001,63.912,53.26,grid-connected,0.0,0.16331219135802358,734.9048611111061,4500,0.15,
2022-06-15 13:30:00,-59.25700000000001,0.0,-100.0,-80.0,-60.0,-40.0,85.8445,73.581,61.3175,grid-connected,0.0,0.16167767283950507,727.5495277777728,4500,0.15,
2022-06-15 13:35:00,-50.770000000000024,0.0,-100.0,-80.0,-60.0,-40.0,89.145,76.41,63.675,grid-connected,0.0,0.1605803209876532,722.6114444444395,4500,0.15,
2022-06-15 13:40:00,-62.92900000000001,0.0,-100.0,-80.0,-60.0,-40.0,84.4165,72.357,60.29750000000001,grid-connected,0.0,0.15964013580246805,718.3806111111062,4500,0.15,
2022-06-15 13:45:00,-75.313,0.0,-100.0,-80.0,-60.0,-40.0,79.6005,68.229,56.8575,grid-connected,0.0,0.15847478395061618,713.1365277777728,4500,0.15,
2022-06-15 13:50:00,-74.00800000000001,0.0,-100.0,-80.0,-60.0,-40.0,80.10799999999999,68.664,57.22,grid-connected,0.0,0.157080098765431,706.8604444444395,4500,0.15,
2022-06-15 13:55:00,-64.25200000000001,0.0,-100.0,-80.0,-60.0,-40.0,83.902,71.916,59.93,grid-connected,0.0,0.15570958024691248,700.6931111111062,4500,0.15,
2022-06-15 14:00:00,-51.38200000000001,0.0,-100.0,-80.0,-60.0,-40.0,88.907,76.206,63.505,grid-connected,0.0,0.15451972839506065,695.3387777777729,4500,0.15,
2022-06-15 14:05:00,-33.59800000000003,0.0,-100.0,-80.0,-60.0,-40.0,95.823,82.134,68.445,grid-connected,0.0,0.15356820987654213,691.0569444444395,4500,0.15,
2022-06-15 14:10:00,17.873000000000005,0.0,-100.0,-80.0,-60.0,-40.0,115.8395,99.29100000000001,82.7425,grid-connected,0.0,0.15294602469135693,688.2571111111062,4500,0.15,
2022-06-15 14:15:00,89.684,0.0,-100.0,-80.0,-60.0,-40.0,143.766,123.22800000000001,102.69,grid-connected,0.0,0.1532770061728384,689.7465277777728,4500,0.15,
2022-06-15 14:20:00,176.462,0.0,-100.0,-80.0,-60.0,-40.0,177.513,152.154,126.795,grid-connected,0.0,0.1549378209876532,697.2201944444395,4500,0.15,
2022-06-15 14:25:00,277.289,0.0,-100.0,-80.0,-60.0,-40.0,216.7235,185.76299999999998,154.80249999999998,grid-connected,0.0,0.15820563580246802,711.9253611111061,4500,0.15,
2022-06-15 14:30:00,392.61499999999995,0.0,-100.0,-80.0,-60.0,-40.0,261.5725,224.20499999999998,186.83749999999998,grid-connected,0.0,0.1633406172839495,735.0327777777727,4500,0.15,
2022-06-15 14:35:00,519.794,0.0,-100.0,-80.0,-60.0,-40.0,311.031,266.598,222.165,grid-connected,0.0,0.17061126543209762,767.7506944444393,4500,0.15,
2022-06-15 14:40:00,656.1800000000001,0.0,-100.0,-80.0,-60.0,-40.0,364.07,312.06,260.05,grid-connected,0.0,0.18023708024691243,811.0668611111059,4500,0.15,
2022-06-15 14:45:00,801.6469999999999,0.0,-100.0,-80.0,-60.0,-40.0,420.6405,360.549,300.4575,grid-connected,0.0,0.1923885617283939,865.7485277777726,4500,0.15,
2022-06-15 14:50:00,954.7909999999999,0.0,-100.0,-80.0,-60.0,-40.0,480.19649999999996,411.597,342.99749999999995,grid-connected,0.0,0.2072338765432087,932.5524444444392,4500,0.15,
2022-06-15 14:55:00,1111.805,0.0,-100.0,-80.0,-60.0,-40.0,541.2575,463.935,386.6125,grid-connected,0.0,0.22491519135802351,1012.1183611111059,4500,0.15,
2022-06-15 15:00:00,1270.6100000000001,0.0,-100.0,-80.0,-60.0,-40.0,603.015,516.87,430.725,grid-connected,0.0,0.245504172839505,1104.7687777777726,4500,0.15,
2022-06-15 15:05:00,1433.114,0.0,-100.0,-80.0,-60.0,-40.0,666.211,571.038,475.86499999999995,grid-connected,0.0,0.26903398765431985,1210.6529444444393,4500,0.15,
2022-06-15 15:10:00,1604.078,0.0,-100.0,-80.0,-60.0,-40.0,732.697,628.026,523.355,grid-connected,0.0,0.29557313580246797,1330.079111111106,4500,0.15,
2022-06-15 15:15:00,1785.1039999999998,0.0,-100.0,-80.0,-60.0,-40.0,803.096,688.3679999999999,573.64,grid-connected,0.0,0.32527828395061614,1463.7522777777726,4500,0.15,
2022-06-15 15:20:00,1968.9650000000001,0.0,-100.0,-80.0,-60.0,-40.0,874.5975,749.655,624.7125,grid-connected,0.0,0.3583357654320976,1612.5109444444392,4500,0.15,
2022-06-15 15:25:00,2150.423,0.0,-100.0,-80.0,-60.0,-40.0,945.1645,810.141,675.1175,grid-connected,0.0,0.39479808024691243,1776.591361111106,4500,0.15,
2022-06-15 15:30:00,2330.522,0.0,-100.0,-80.0,-60.0,-40.0,1015.203,870.174,725.145,grid-connected,0.0,0.43462072839506055,1955.7932777777726,4500,0.15,
2022-06-15 15:35:00,2510.54,0.0,-100.0,-80.0,-60.0,-40.0,1085.21,930.1800000000001,775.15,grid-connected,0.0,0.47777854320987534,2150.003444444439,4500,0.15,
2022-06-15 15:40:00,2690.324,0.0,-100.0,-80.0,-60.0,-40.0,1155.126,990.108,825.09,grid-connected,0.0,0.5242700246913569,2359.2151111111057,4500,0.15,
2022-06-15 15:45:00,2868.1730000000002,0.0,-100.0,-80.0,-60.0,-40.0,1224.2895,1049.391,874.4925000000001,grid-connected,0.0,0.5740908395061716,2583.4087777777722,4500,0.15,
2022-06-15 15:50:00,3043.448,0.0,-100.0,-80.0,-60.0,-40.0,1292.452,1107.816,923.18,grid-connected,0.0,0.6272051543209864,2822.423194444439,4500,0.15,
2022-06-15 15:55:00,3214.268,0.0,-100.0,-80.0,-60.0,-40.0,1358.882,1164.7559999999999,970.63,grid-connected,0.0,0.6835653024691346,3076.043861111106,4500,0.15,
2022-06-15 16:00:00,3380.1830000000004,0.0,-100.0,-80.0,-60.0,-40.0,1423.4045,1220.0610000000001,1016.7175000000001,grid-connected,0.0,0.7430887839506162,3343.8995277777726,4500,0.15,
2022-06-15 16:05:00,3545.081,0.0,-100.0,-80.0,-60.0,-40.0,1487.5315,1275.027,1062.5225,grid-connected,0.0,0.8056847654320977,3625.5814444444395,4500,0.15,
2022-06-15 16:10:00,3711.1940000000004,0.0,-100.0,-80.0,-60.0,-40.0,1552.131,1330.3980000000001,1108.665,grid-connected,0.0,0.8713344135802458,3921.004861111106,4500,0.15,
2022-06-15 16:15:00,3877.424,0.0,-100.0,-80.0,-60.0,-40.0,1616.776,1385.808,1154.8400000000001,grid-connected,0.0,0.9400602283950605,4230.271027777772,4500,0.15,
2022-06-15 16:20:00,4041.638,640.6763333332693,-100.0,-80.0,-60.0,-40.0,1680.637,1440.546,1200.455,grid-connected,0.0,1.0,4500,4500,0.15,
2022-06-15 16:25:00,4201.676,4041.637999999998,-100.0,-80.0,-60.0,-40.0,1742.874,1493.892,1244.91,grid-connected,0.0,1.0,4500,4500,0.15,
2022-06-15 16:30:00,4357.754000000001,4201.676000000002,-100.0,-80.0,-60.0,-40.0,1803.5710000000001,1545.9180000000001,1288.265,grid-connected,0.0,1.0,4500,4500,0.15,
2022-06-15 16:35:00,4511.762,4357.753999999997,-100.0,-80.0,-60.0,-40.0,1863.4629999999997,1597.254,1331.0449999999998,grid-connected,0.0,1.0,4500,4500,0.15,
2022-06-15 16:40:00,4664.357,4511.761999999999,-100.0,-80.0,-60.0,-40.0,1922.8055,1648.119,1373.4325,grid-connected,0.0,1.0,4500,4500,0.15,
2022-06-15 16:45:00,4812.668,4664.356999999999,-100.0,-80.0,-60.0,-40.0,1980.482,1697.556,1414.63,grid-connected,0.0,1.0,4500,4500,0.15,
2022-06-15 16:50:00,4956.101,4812.6680000000015,-100.0,-80.0,-60.0,-40.0,2036.2615,1745.367,1454.4725,grid-connected,0.0,1.0,4500,4500,0.15,
2022-06-15 16:55:00,5095.951999999999,4956.100999999996,-100.0,-80.0,-60.0,-40.0,2090.6479999999997,1791.984,1493.32,grid-connected,0.0,1.0,4500,4500,0.15,
2022-06-15 17:00:00,5234.237000000001,5095.952000000005,-100.0,-80.0,-60.0,-40.0,2144.4255000000003,1838.0790000000002,1531.7325,grid-connected,0.0,1.0,4500,4500,0.15,
2022-06-15 17:05:00,5370.767,5234.237000000005,-100.0,-80.0,-60.0,-40.0,2197.5204999999996,1883.589,1569.6574999999998,grid-connected,0.0,1.0,4500,4500,0.15,
2022-06-15 17:10:00,5505.424999999999,5370.767000000005,-100.0,-80.0,-60.0,-40.0,2249.8875,1928.475,1607.0625,grid-connected,0.0,1.0,4500,4500,0.15,
2022-06-15 17:15:00,5636.654,5505.425,-100.0,-80.0,-60.0,-40.0,2300.9210000000003,1972.218,1643.515,grid-connected,0.0,1.0,4500,4500,0.15,
2022-06-15 17:20:00,5763.617,5636.653999999998,-100.0,-80.0,-60.0,-40.0,2350.2955,2014.539,1678.7825,grid-connected,0.0,1.0,4500,4500,0.15,
2022-06-15 17:25:00,5874.713000000001,5763.617000000005,-100.0,-80.0,-60.0,-40.0,2393.4995000000004,2051.5710000000004,1709.6425000000002,grid-connected,0.0,1.0,4500,4500,0.15,
2022-06-15 17:30:00,5990.282,5874.712999999995,-100.0,-80.0,-60.0,-40.0,2438.443,2090.094,1741.7450000000001,grid-connected,0.0,1.0,4500,4500,0.15,
2022-06-15 17:35:00,6104.771000000001,5990.282000000005,-100.0,-80.0,-60.0,-40.0,2482.9665,2128.257,1773.5475000000001,grid-connected,0.0,1.0,4500,4500,0.15,
2022-06-15 17:40:00,6217.0909999999985,6104.7710000000025,-100.0,-80.0,-60.0,-40.0,2526.6465,2165.6969999999997,1804.7475,grid-connected,0.0,1.0,4500,4500,0.15,
2022-06-15 17:45:00,6323.588000000001,6217.09099999999,-100.0,-80.0,-60.0,-40.0,2568.0620000000004,2201.1960000000004,1834.3300000000002,grid-connected,0.0,1.0,4500,4500,0.15,
2022-06-15 17:50:00,6423.5599999999995,6323.587999999995,-100.0,-80.0,-60.0,-40.0,2606.9399999999996,2234.52,1862.1,grid-connected,0.0,1.0,4500,4500,0.15,
2022-06-15 17:55:00,6521.057,6423.56,-100.0,-80.0,-60.0,-40.0,2644.8555,2267.0190000000002,1889.1825000000001,grid-connected,0.0,1.0,4500,4500,0.15,
2022-06-15 18:00:00,6619.697,6521.057000000005,-100.0,-80.0,-60.0,-40.0,2683.2155000000002,2299.899,1916.5825,grid-connected,0.0,1.0,4500,4500,0.15,
2022-06-15 18:05:00,6722.9,6619.697000000005,-100.0,-80.0,-60.0,-40.0,2723.35,2334.3,1945.25,grid-connected,0.0,1.0,4500,4500,0.15,
2022-06-15 18:10:00,6831.206,6722.9,-100.0,-80.0,-60.0,-40.0,2765.469,2370.402,1975.335,grid-connected,0.0,1.0,4500,4500,0.15,
2022-06-15 18:15:00,6933.473,6831.20599999999,-100.0,-80.0,-60.0,-40.0,2805.2395,2404.491,2003.7425,grid-connected,0.0,1.0,4500,4500,0.15,
2022-06-15 18:20:00,7019.324,6933.472999999995,-100.0,-80.0,-60.0,-40.0,2838.6259999999997,2433.1079999999997,2027.59,grid-connected,0.0,1.0,4500,4500,0.15,
2022-06-15 18:25:00,7092.790999999999,7019.32400000001,-100.0,-80.0,-60.0,-40.0,2867.1965,2457.597,2047.9975,grid-connected,0.0,1.0,4500,4500,0.15,
2022-06-15 18:30:00,7161.991999999998,7092.79099999999,-100.0,-80.0,-60.0,-40.0,2894.1079999999997,2480.6639999999998,2067.22,grid-connected,0.0,1.0,4500,4500,0.15,
2022-06-15 18:35:00,7229.069,7161.992000000005,-100.0,-80.0,-60.0,-40.0,2920.1935,2503.023,2085.8525,grid-connected,0.0,1.0,4500,4500,0.15,
2022-06-15 18:40:00,7293.058999999999,7229.0690000000095,-100.0,-80.0,-60.0,-40.0,2945.0784999999996,2524.353,2103.6275,grid-connected,0.0,1.0,4500,4500,0.15,
2022-06-15 18:45:00,7352.819,7293.05900000001,-100.0,-80.0,-60.0,-40.0,2968.3185000000003,2544.273,2120.2275,grid-connected,0.0,1.0,4500,4500,0.15,
2022-06-15 18:50:00,7409.159,7352.8190000000095,-100.0,-80.0,-60.0,-40.0,2990.2284999999997,2563.053,2135.8775,grid-connected,0.0,1.0,4500,4500,0.15,
2022-06-15 18:55:00,7466.173999999999,7409.15900000001,-100.0,-80.0,-60.0,-40.0,3012.401,2582.058,2151.7149999999997,grid-connected,0.0,1.0,4500,4500,0.15,
2022-06-15 19:00:00,7525.097,7466.17400000001,-100.0,-80.0,-60.0,-40.0,3035.3155,2601.699,2168.0825,grid-connected,0.0,1.0,4500,4500,0.15,
2022-06-15 19:05:00,7580.303,7525.097000000005,-100.0,-80.0,-60.0,-40.0,3056.7845,2620.101,2183.4175,grid-connected,0.0,1.0,4500,4500,0.15,
2022-06-15 19:10:00,7627.786999999999,7580.30300000002,-100.0,-80.0,-60.0,-40.0,3075.2504999999996,2635.9289999999996,2196.6075,grid-connected,0.0,1.0,4500,4500,0.15,
2022-06-15 19:15:00,7065.1663333333345,7627.78699999998,-316.66666666666663,-253.33333333333331,-190.0,-126.66666666666666,3092.3795,2650.611,2208.8425,grid-connected,0.0,1.0,4500,4500,0.15,
2022-06-15 19:20:00,7108.501333333334,7065.166333333354,-316.66666666666663,-253.33333333333331,-190.0,-126.66666666666666,3109.232,2665.056,2220.88,grid-connected,0.0,1.0,4500,4500,0.15,
2022-06-15 19:25:00,7147.8223333333335,7108.501333333354,-316.66666666666663,-253.33333333333331,-190.0,-126.66666666666666,3124.5235,2678.163,2231.8025,grid-connected,0.0,1.0,4500,4500,0.15,
2022-06-15 19:30:00,7180.069333333333,7147.8223333333435,-316.66666666666663,-253.33333333333331,-190.0,-126.66666666666666,3137.064,2688.912,2240.7599999999998,grid-connected,0.0,1.0,4500,4500,0.15,
2022-06-15 19:35:00,7205.692333333334,7180.069333333324,-316.66666666666663,-253.33333333333331,-190.0,-126.66666666666666,3147.0285,2697.453,2247.8775,grid-connected,0.0,1.0,4500,4500,0.15,
2022-06-15 19:40:00,7225.096333333333,7205.692333333343,-316.66666666666663,-253.33333333333331,-190.0,-126.66666666666666,3154.5744999999997,2703.921,2253.2675,grid-connected,0.0,1.0,4500,4500,0.15,
2022-06-15 19:45:00,7243.4113333333335,7225.096333333353,-316.66666666666663,-253.33333333333331,-190.0,-126.66666666666666,3161.697,2710.026,2258.355,grid-connected,0.0,1.0,4500,4500,0.15,
2022-06-15 19:50:00,7265.524333333333,7243.4113333333535,-316.66666666666663,-253.33333333333331,-190.0,-126.66666666666666,3170.2965,2717.397,2264.4975,grid-connected,0.0,1.0,4500,4500,0.15,
2022-06-15 19:55:00,7288.240333333333,7265.524333333324,-316.66666666666663,-253.33333333333331,-190.0,-126.66666666666666,3179.1304999999998,2724.969,2270.8075,grid-connected,0.0,1.0,4500,4500,0.15,
2022-06-15 20:00:00,7307.653333333333,7288.240333333313,-316.66666666666663,-253.33333333333331,-190.0,-126.66666666666666,3186.68,2731.44,2276.2,grid-connected,0.0,1.0,4500,4500,0.15,
2022-06-15 20:05:00,7323.547333333333,7307.653333333334,-316.66666666666663,-253.33333333333331,-190.0,-126.66666666666666,3192.861,2736.738,2280.615,grid-connected,0.0,1.0,4500,4500,0.15,
2022-06-15 20:10:00,7334.725333333334,7323.547333333343,-316.66666666666663,-253.33333333333331,-190.0,-126.66666666666666,3197.208,2740.464,2283.72,grid-connected,0.0,1.0,4500,4500,0.15,
2022-06-15 20:15:00,7339.621333333333,7334.725333333314,-316.66666666666663,-253.33333333333331,-190.0,-126.66666666666666,3199.1119999999996,2742.096,2285.08,grid-connected,0.0,1.0,4500,4500,0.15,
2022-06-15 20:20:00,7335.6973333333335,7339.6213333333535,-316.66666666666663,-253.33333333333331,-190.0,-126.66666666666666,3197.586,2740.788,2283.99,grid-connected,0.0,1.0,4500,4500,0.15,
2022-06-15 20:25:00,7320.811333333333,7335.6973333333435,-316.66666666666663,-253.33333333333331,-190.0,-126.66666666666666,3191.797,2735.826,2279.855,grid-connected,0.0,1.0,4500,4500,0.15,
2022-06-15 20:30:00,7298.959333333334,7320.811333333353,-316.66666666666663,-253.33333333333331,-190.0,-126.66666666666666,3183.299,2728.542,2273.7850000000003,grid-connected,0.0,1.0,4500,4500,0.15,
2022-06-15 20:35:00,7278.052333333333,7298.959333333323,-316.66666666666663,-253.33333333333331,-190.0,-126.66666666666666,3175.1684999999998,2721.573,2267.9775,grid-connected,0.0,1.0,4500,4500,0.15,
2022-06-15 20:40:00,7257.145333333334,7278.052333333343,-316.66666666666663,-253.33333333333331,-190.0,-126.66666666666666,3167.038,2714.604,2262.17,grid-connected,0.0,1.0,4500,4500,0.15,
2022-06-15 20:45:00,7233.439333333333,7257.145333333314,-316.66666666666663,-253.33333333333331,-190.0,-126.66666666666666,3157.819,2706.7019999999998,2255.585,grid-connected,0.0,1.0,4500,4500,0.15,
2022-06-15 20:50:00,7206.817333333334,7233.439333333324,-316.66666666666663,-253.33333333333331,-190.0,-126.66666666666666,3147.466,2697.828,2248.19,grid-connected,0.0,1.0,4500,4500,0.15,
2022-06-15 20:55:00,7175.677333333333,7206.817333333343,-316.66666666666663,-253.33333333333331,-190.0,-126.66666666666666,3135.3559999999998,2687.448,2239.54,grid-connected,0.0,1.0,4500,4500,0.15,
2022-06-15 21:00:00,7139.812333333334,7175.677333333343,-316.66666666666663,-253.33333333333331,-190.0,-126.66666666666666,3121.4085,2675.493,2229.5775000000003,grid-connected,0.0,1.0,4500,4500,0.15,
2022-06-15 21:05:00,7107.385333333334,7139.812333333343,-316.66666666666663,-253.33333333333331,-190.0,-126.66666666666666,3108.7980000000002,2664.684,2220.57,grid-connected,0.0,1.0,4500,4500,0.15,
2022-06-15 21:10:00,7079.7463333333335,7107.385333333314,-316.66666666666663,-253.33333333333331,-190.0,-126.66666666666666,3098.0495,2655.471,2212.8925,grid-connected,0.0,1.0,4500,4500,0.15,
2022-06-15 21:15:00,7042.864333333334,7079.7463333333535,-316.66666666666663,-253.33333333333331,-190.0,-126.66666666666666,3083.7065000000002,2643.177,2202.6475,grid-connected,0.0,1.0,4500,4500,0.15,
2022-06-15 21:20:00,6994.858333333334,7042.864333333323,-316.66666666666663,-253.33333333333331,-190.0,-126.66666666666666,3065.0375,2627.1749999999997,2189.3125,grid-connected,0.0,1.0,4500,4500,0.15,
2022-06-15 21:25:00,6940.975333333334,6994.858333333334,-316.66666666666663,-253.33333333333331,-190.0,-126.66666666666666,3044.083,2609.214,2174.3450000000003,grid-connected,0.0,1.0,4500,4500,0.15,
2022-06-15 21:30:00,6891.115333333334,6940.975333333314,-316.66666666666663,-253.33333333333331,-190.0,-126.66666666666666,3024.693,2592.594,2160.495,grid-connected,0.0,1.0,4500,4500,0.15,
2022-06-15 21:35:00,6844.6393333333335,6891.115333333313,-316.66666666666663,-253.33333333333331,-190.0,-126.66666666666666,3006.6189999999997,2577.102,2147.585,grid-connected,0.0,1.0,4500,4500,0.15,
2022-06-15 21:40:00,6794.347333333333,6844.639333333373,-316.66666666666663,-253.33333333333331,-190.0,-126.66666666666666,2987.061,2560.338,2133.6150000000002,grid-connected,0.0,1.0,4500,4500,0.15,
2022-06-15 21:45:00,6731.5543333333335,6794.347333333294,-316.66666666666663,-253.33333333333331,-190.0,-126.66666666666666,2962.6415,2539.407,2116.1725,grid-connected,0.0,1.0,4500,4500,0.15,
2022-06-15 21:50:00,6653.776333333333,6731.5543333333735,-316.66666666666663,-253.33333333333331,-190.0,-126.66666666666666,2932.3945,2513.4809999999998,2094.5675,grid-connected,0.0,1.0,4500,4500,0.15,
2022-06-15 21:55:00,6571.282333333333,6653.776333333353,-316.66666666666663,-253.33333333333331,-190.0,-126.66666666666666,2900.3134999999997,2485.9829999999997,2071.6525,grid-connected,0.0,1.0,4500,4500,0.15,
2022-06-15 22:00:00,6493.243333333334,6571.2823333332935,-316.66666666666663,-253.33333333333331,-190.0,-126.66666666666666,2869.965,2459.97,2049.975,grid-connected,0.0,1.0,4500,4500,0.15,
2022-06-15 22:05:00,6417.229333333335,6493.243333333333,-316.66666666666663,-253.33333333333331,-190.0,-126.66666666666666,2840.404,2434.632,2028.8600000000001,grid-connected,0.0,1.0,4500,4500,0.15,
2022-06-15 22:10:00,6336.886333333334,6417.229333333373,-316.66666666666663,-253.33333333333331,-190.0,-126.66666666666666,2809.1595,2407.851,2006.5425,grid-connected,0.0,1.0,4500,4500,0.15,
2022-06-15 22:15:00,6246.382333333333,6336.886333333353,-316.66666666666663,-253.33333333333331,-190.0,-126.66666666666666,2773.9635,2377.683,1981.4025,grid-connected,0.0,1.0,4500,4500,0.15,
2022-06-15 22:20:00,6146.239333333333,6246.382333333294,-316.66666666666663,-253.33333333333331,-190.0,-126.66666666666666,2735.019,2344.3019999999997,1953.5849999999998,grid-connected,0.0,1.0,4500,4500,0.15,
2022-06-15 22:25:00,6048.346333333334,6146.239333333373,-316.66666666666663,-253.33333333333331,-190.0,-126.66666666666666,2696.9495,2311.6710000000003,1926.3925000000002,grid-connected,0.0,1.0,4500,4500,0.15,
2022-06-15 22:30:00,5958.481333333333,6048.346333333353,-316.66666666666663,-253.33333333333331,-190.0,-126.66666666666666,2662.002,2281.716,1901.43,grid-connected,0.0,1.0,4500,4500,0.15,
2022-06-15 22:35:00,5865.988333333335,5958.481333333353,-316.66666666666663,-253.33333333333331,-190.0,-126.66666666666666,2626.0325000000003,2250.885,1875.7375000000002,grid-connected,0.0,1.0,4500,4500,0.15,
2022-06-15 22:40:00,5767.096333333334,5865.988333333334,-316.66666666666663,-253.33333333333331,-190.0,-126.66666666666666,2587.5745,2217.9210000000003,1848.2675000000002,grid-connected,0.0,1.0,4500,4500,0.15,
2022-06-15 22:45:00,5662.8313333333335,5767.096333333353,-316.66666666666663,-253.33333333333331,-190.0,-126.66666666666666,2547.027,2183.166,1819.3049999999998,grid-connected,0.0,1.0,4500,4500,0.15,
2022-06-15 22:50:00,5543.329333333333,5662.8313333333535,-316.66666666666663,-253.33333333333331,-190.0,-126.66666666666666,2500.554,2143.332,1786.11,grid-connected,0.0,1.0,4500,4500,0.15,
2022-06-15 22:55:00,5434.816333333333,5543.329333333373,-316.66666666666663,-253.33333333333331,-190.0,-126.66666666666666,2458.3545,2107.161,1755.9675,grid-connected,0.0,1.0,4500,4500,0.15,
2022-06-15 23:00:00,5299.600333333333,5434.816333333353,-316.66666666666663,-253.33333333333331,-190.0,-126.66666666666666,2405.7704999999996,2062.089,1718.4074999999998,grid-connected,0.0,1.0,4500,4500,0.15,
2022-06-15 23:05:00,5188.090333333334,5299.600333333314,-316.66666666666663,-253.33333333333331,-190.0,-126.66666666666666,2362.4055000000003,2024.919,1687.4325000000001,grid-connected,0.0,1.0,4500,4500,0.15,
2022-06-15 23:10:00,5058.760333333334,5188.0903333333135,-316.66666666666663,-253.33333333333331,-190.0,-126.66666666666666,2312.1105000000002,1981.8090000000002,1651.5075000000002,grid-connected,0.0,1.0,4500,4500,0.15,
2022-06-15 23:15:00,4936.207333333334,5058.760333333314,-316.66666666666663,-253.33333333333331,-190.0,-126.66666666666666,2264.451,1940.9579999999999,1617.465,grid-connected,0.0,1.0,4500,4500,0.15,
2022-06-15 23:20:00,4799.020333333334,4936.207333333294,-316.66666666666663,-253.33333333333331,-190.0,-126.66666666666666,2211.1005,1895.2290000000003,1579.3575,grid-connected,0.0,1.0,4500,4500,0.15,
2022-06-15 23:25:00,4665.604333333334,4799.020333333314,-316.66666666666663,-253.33333333333331,-190.0,-126.66666666666666,2159.2165,1850.757,1542.2975,grid-connected,0.0,1.0,4500,4500,0.15,
2022-06-15 23:30:00,4526.302333333334,4665.604333333373,-316.66666666666663,-253.33333333333331,-190.0,-126.66666666666666,2105.0435,1804.323,1503.6025,grid-connected,0.0,1.0,4500,4500,0.15,
2022-06-15 23:35:00,4384.840333333334,4526.302333333294,-316.66666666666663,-253.33333333333331,-190.0,-126.66666666666666,2050.0305,1757.1689999999999,1464.3075,grid-connected,0.0,1.0,4500,4500,0.15,
2022-06-15 23:40:00,4239.364333333334,4384.8403333333135,-316.66666666666663,-253.33333333333331,-190.0,-126.66666666666666,1993.4565000000002,1708.6770000000001,1423.8975,grid-connected,0.0,1.0,4500,4500,0.15,
2022-06-15 23:45:00,4088.3983333333335,4239.364333333373,-316.66666666666663,-253.33333333333331,-190.0,-126.66666666666666,1934.7475,1658.355,1381.9624999999999,grid-connected,0.0,1.0,4500,4500,0.15,
2022-06-15 23:50:00,3924.967333333334,4088.3983333333335,-316.66666666666663,-253.33333333333331,-190.0,-126.66666666666666,1871.1910000000003,1603.8780000000002,1336.565,grid-connected,0.0,1.0,4500,4500,0.15,
2022-06-15 23:55:00,3776.5843333333332,3924.9673333332935,-316.66666666666663,-253.33333333333331,-190.0,-126.66666666666666,1813.4865,1554.4170000000001,1295.3475,grid-connected,0.0,1.0,4500,4500,0.15,
2022-06-16 00:00:00,3616.5013333333336,3776.5843333333733,-316.66666666666663,-253.33333333333331,-190.0,-126.66666666666666,1751.232,1501.056,1250.88,grid-connected,0.0,1.0,4500,4500,0.15,
2022-06-16 00:05:00,3455.0503333333336,3616.501333333353,-316.66666666666663,-253.33333333333331,-190.0,-126.66666666666666,1688.4455,1447.239,1206.0325,grid-connected,0.0,1.0,4500,4500,0.15,
2022-06-16 00:10:00,3283.7173333333335,3455.0503333333136,-316.66666666666663,-253.33333333333331,-190.0,-126.66666666666666,1621.816,1390.128,1158.44,grid-connected,0.0,1.0,4500,4500,0.15,
2022-06-16 00:15:00,3126.784333333333,3283.7173333332935,-316.66666666666663,-253.33333333333331,-190.0,-126.66666666666666,1560.7865,1337.817,1114.8474999999999,grid-connected,0.0,1.0,4500,4500,0.15,
2022-06-16 00:20:00,2946.973333333334,3126.784333333373,-316.66666666666663,-253.33333333333331,-190.0,-126.66666666666666,1490.8600000000001,1277.88,1064.9,grid-connected,0.0,1.0,4500,4500,0.15,
2022-06-16 00:25:00,2783.641333333333,2946.9733333333334,-316.66666666666663,-253.33333333333331,-190.0,-126.66666666666666,1427.342,1223.436,1019.53,grid-connected,0.0,1.0,4500,4500,0.15,
2022-06-16 00:30:00,2607.6103333333335,2783.641333333353,-316.66666666666663,-253.33333333333331,-190.0,-126.66666666666666,1358.8855,1164.759,970.6325,grid-connected,0.0,1.0,4500,4500,0.15,
2022-06-16 00:35:00,2427.8803333333335,2607.6103333333135,-316.66666666666663,-253.33333333333331,-190.0,-126.66666666666666,1288.9905,1104.8490000000002,920.7075000000001,grid-connected,0.0,1.0,4500,4500,0.15,
2022-06-16 00:40:00,2248.7263333333335,2427.8803333333135,-316.66666666666663,-253.33333333333331,-190.0,-126.66666666666666,1219.3195,1045.131,870.9425,grid-connected,0.0,1.0,4500,4500,0.15,
2022-06-16 00:45:00,2070.5623333333333,2248.726333333353,-316.66666666666663,-253.33333333333331,-190.0,-126.66666666666666,1150.0335,985.743,821.4525,grid-connected,0.0,1.0,4500,4500,0.15,
2022-06-16 00:50:00,1890.2023333333336,2070.5623333332937,-316.66666666666663,-253.33333333333331,-190.0,-126.66666666666666,1079.8935000000001,925.623,771.3525000000001,grid-connected,0.0,1.0,4500,4500,0.15,
2022-06-16 00:55:00,1708.7983333333332,1890.2023333332936,-316.66666666666663,-253.33333333333331,-190.0,-126.66666666666666,1009.3475,865.155,720.9625,grid-connected,0.0,1.0,4500,4500,0.15,
2022-06-16 01:00:00,1526.989333333333,1708.7983333333334,-316.66666666666663,-253.33333333333331,-190.0,-126.66666666666666,938.6439999999999,804.5519999999999,670.4599999999999,grid-connected,0.0,1.0,4500,4500,0.15,
2022-06-16 01:05:00,1336.8913333333335,1526.989333333373,-316.66666666666663,-253.33333333333331,-190.0,-126.66666666666666,864.717,741.186,617.655,grid-connected,0.0,1.0,4500,4500,0.15,
2022-06-16 01:10:00,1149.8803333333335,1336.8913333333533,-316.66666666666663,-253.33333333333331,-190.0,-126.66666666666666,791.9905,678.849,565.7075,grid-connected,0.0,1.0,4500,4500,0.15,
2022-06-16 01:15:00,978.6283333333332,1149.8803333333135,-316.66666666666663,-253.33333333333331,-190.0,-126.66666666666666,725.3924999999999,621.765,518.1374999999999,grid-connected,0.0,1.0,4500,4500,0.15,
2022-06-16 01:20:00,821.5963333333334,978.6283333333333,-316.66666666666663,-253.33333333333331,-190.0,-126.66666666666666,664.3245000000001,569.421,474.5175,grid-connected,0.0,1.0,4500,4500,0.15,
2022-06-16 01:25:00,678.8023333333335,821.5963333333532,-316.66666666666663,-253.33333333333331,-190.0,-126.66666666666666,608.7935,521.8230000000001,434.8525,grid-connected,0.0,1.0,4500,4500,0.15,
2022-06-16 01:30:00,548.1223333333335,678.8023333332936,-316.66666666666663,-253.33333333333331,-190.0,-126.66666666666666,557.9735000000001,478.26300000000003,398.5525,grid-connected,0.0,1.0,4500,4500,0.15,
2022-06-16 01:35:00,437.75533333333345,548.1223333332936,-316.66666666666663,-253.33333333333331,-190.0,-126.66666666666666,515.053,441.47400000000005,367.89500000000004,grid-connected,0.0,1.0,4500,4500,0.15,
2022-06-16 01:40:00,371.4523333333334,437.75533333331344,-316.66666666666663,-253.33333333333331,-190.0,-126.66666666666666,489.2685,419.373,349.4775,grid-connected,0.0,1.0,4500,4500,0.15,
2022-06-16 01:45:00,339.2323333333333,371.4523333332936,-316.66666666666663,-253.33333333333331,-190.0,-126.66666666666666,476.7385,408.633,340.5275,grid-connected,0.0,1.0,4500,4500,0.15,
2022-06-16 01:50:00,282.61333333333346,339.2323333332936,-316.66666666666663,-253.33333333333331,-190.0,-126.66666666666666,454.72,389.76000000000005,324.8,grid-connected,0.0,1.0,4500,4500,0.15,
2022-06-16 01:55:00,206.0413333333334,282.61333333333334,-316.66666666666663,-253.33333333333331,-190.0,-126.66666666666666,424.942,364.236,303.53000000000003,grid-connected,0.0,1.0,4500,4500,0.15,
2022-06-16 02:00:00,118.79533333333336,206.0413333333532,-316.66666666666663,-253.33333333333331,-190.0,-126.66666666666666,391.013,335.154,279.295,grid-connected,0.0,1.0,4500,4500,0.15,
2022-06-16 02:05:00,40.25233333333347,118.79533333331347,-316.66666666666663,-253.33333333333331,-190.0,-126.66666666666666,360.4685,308.973,257.4775,grid-connected,0.0,1.0,4500,4500,0.15,
2022-06-16 02:10:00,-67.24366666666663,40.2523333332936,-316.66666666666663,-253.33333333333331,-190.0,-126.66666666666666,318.66450000000003,273.141,227.6175,grid-connected,0.0,1.0,4500,4500,0.15,
2022-06-16 02:15:00,-149.11666666666667,0.0,-316.66666666666663,-253.33333333333331,-190.0,-126.66666666666666,286.825,245.85,204.875,grid-connected,0.0,0.9987547469135802,4494.396361111111,4500,0.15,
2022-06-16 02:20:00,-248.44966666666656,0.0,-316.66666666666663,-253.33333333333331,-190.0,-126.66666666666666,248.1955,212.739,177.2825,grid-connected,0.0,0.9959933271604938,4481.969972222222,4500,0.15,
2022-06-16 02:25:00,-397.0756666666667,0.0,-316.66666666666663,-253.33333333333331,-190.0,-126.66666666666666,190.3965,163.197,135.9975,grid-connected,0.0,0.9913924074074073,4461.265833333333,4500,0.15,
2022-06-16 02:30:00,-613.9036666666665,0.0,-316.66666666666663,-253.33333333333331,-190.0,-126.66666666666666,106.0745,90.921,75.7675,grid-connected,0.0,0.9840391543209877,4428.176194444444,4500,0.15,
2022-06-16 02:35:00,-808.8436666666666,0.0,-316.66666666666663,-253.33333333333331,-190.0,-126.66666666666666,30.2645,25.941,21.6175,grid-connected,0.0,0.9726705679012345,4377.017555555555,4500,0.15,
2022-06-16 02:40:00,-886.6666666666666,0.0,-316.66666666666663,-253.33333333333331,-190.0,-126.66666666666666,0.0,0.0,0.0,grid-connected,0.0,0.9576919814814814,4309.613916666666,4500,0.15,
2022-06-16 02:45:00,-886.6666666666666,0.0,-316.66666666666663,-253.33333333333331,-190.0,-126.66666666666666,0.0,0.0,0.0,grid-connected,0.0,0.9412722283950616,4235.7250277777775,4500,0.15,
2022-06-16 02:50:00,-886.6666666666666,0.0,-316.66666666666663,-253.33333333333331,-190.0,-126.66666666666666,0.0,0.0,0.0,grid-connected,0.0,0.924852475308642,4161.836138888889,4500,0.15,
2022-06-16 02:55:00,-886.6666666666666,0.0,-316.66666666666663,-253.33333333333331,-190.0,-126.66666666666666,0.0,0.0,0.0,grid-connected,0.0,0.9084327222222223,4087.94725,4500,0.15,
2022-06-16 03:00:00,-852.3946666666667,0.0,-316.66666666666663,-253.33333333333331,-190.0,-126.66666666666666,13.328000000000001,11.424000000000001,9.520000000000001,grid-connected,0.0,0.8920129691358025,4014.0583611111115,4500,0.15,
2022-06-16 03:05:00,-807.3766666666667,0.0,-316.66666666666663,-253.33333333333331,-190.0,-126.66666666666666,30.835,26.43,22.025,grid-connected,0.0,0.8762278827160495,3943.0254722222226,4500,0.15,
2022-06-16 03:10:00,-789.1966666666666,0.0,-316.66666666666663,-253.33333333333331,-190.0,-126.66666666666666,37.905,32.489999999999995,27.075,grid-connected,0.0,0.861276462962963,3875.7440833333335,4500,0.15,
2022-06-16 03:15:00,-190.09,0.0,-100.0,-80.0,-60.0,-40.0,34.965,29.970000000000002,24.975,grid-connected,0.0,0.8466617098765433,3809.9776944444448,4500,0.15,
2022-06-16 03:20:00,-215.38000000000002,0.0,-100.0,-80.0,-60.0,-40.0,25.13,21.54,17.95,grid-connected,0.0,0.8431415246913582,3794.1368611111116,4500,0.15,
2022-06-16 03:25:00,-243.72100000000003,0.0,-100.0,-80.0,-60.0,-40.0,14.1085,12.093,10.077499999999999,grid-connected,0.0,0.8391530061728396,3776.1885277777783,4500,0.15,
2022-06-16 03:30:00,-266.311,0.0,-100.0,-80.0,-60.0,-40.0,5.3235,4.563,3.8025,grid-connected,0.0,0.8346396543209877,3755.878444444445,4500,0.15,
2022-06-16 03:35:00,-280.0,0.0,-100.0,-80.0,-60.0,-40.0,0.0,0.0,0.0,grid-connected,0.0,0.8297079691358026,3733.6858611111115,4500,0.15,
2022-06-16 03:40:00,-280.0,0.0,-100.0,-80.0,-60.0,-40.0,0.0,0.0,0.0,grid-connected,0.0,0.8245227839506174,3710.352527777778,4500,0.15,
2022-06-16 03:45:00,-280.0,0.0,-100.0,-80.0,-60.0,-40.0,0.0,0.0,0.0,grid-connected,0.0,0.8193375987654321,3687.0191944444446,4500,0.15,
2022-06-16 03:50:00,-280.0,0.0,-100.0,-80.0,-60.0,-40.0,0.0,0.0,0.0,grid-connected,0.0,0.8141524135802469,3663.685861111111,4500,0.15,
2022-06-16 03:55:00,-280.0,0.0,-100.0,-80.0,-60.0,-40.0,0.0,0.0,0.0,grid-connected,0.0,0.8089672283950616,3640.3525277777776,4500,0.15,
2022-06-16 04:00:00,-280.0,0.0,-100.0,-80.0,-60.0,-40.0,0.0,0.0,0.0,grid-connected,0.0,0.8037820432098765,3617.019194444444,4500,0.15,
2022-06-16 04:05:00,-280.0,0.0,-100.0,-80.0,-60.0,-40.0,0.0,0.0,0.0,grid-connected,0.0,0.7985968580246913,3593.6858611111106,4500,0.15,
2022-06-16 04:10:00,-280.0,0.0,-100.0,-80.0,-60.0,-40.0,0.0,0.0,0.0,grid-connected,0.0,0.793411672839506,3570.352527777777,4500,0.15,
2022-06-16 04:15:00,-280.0,0.0,-100.0,-80.0,-60.0,-40.0,0.0,0.0,0.0,grid-connected,0.0,0.7882264876543208,3547.0191944444437,4500,0.15,
2022-06-16 04:20:00,-280.0,0.0,-100.0,-80.0,-60.0,-40.0,0.0,0.0,0.0,grid-connected,0.0,0.7830413024691356,3523.68586111111,4500,0.15,
2022-06-16 04:25:00,-280.0,0.0,-100.0,-80.0,-60.0,-40.0,0.0,0.0,0.0,grid-connected,0.0,0.7778561172839503,3500.3525277777767,4500,0.15,
2022-06-16 04:30:00,-280.0,0.0,-100.0,-80.0,-60.0,-40.0,0.0,0.0,0.0,grid-connected,0.0,0.7726709320987651,3477.019194444443,4500,0.15,
2022-06-16 04:35:00,-280.0,0.0,-100.0,-80.0,-60.0,-40.0,0.0,0.0,0.0,grid-connected,0.0,0.76748574691358,3453.6858611111097,4500,0.15,
2022-06-16 04:40:00,-280.0,0.0,-100.0,-80.0,-60.0,-40.0,0.0,0.0,0.0,grid-connected,0.0,0.7623005617283947,3430.3525277777762,4500,0.15,
2022-06-16 04:45:00,-280.0,0.0,-100.0,-80.0,-60.0,-40.0,0.0,0.0,0.0,grid-connected,0.0,0.7571153765432095,3407.0191944444427,4500,0.15,
2022-06-16 04:50:00,-280.0,0.0,-100.0,-80.0,-60.0,-40.0,0.0,0.0,0.0,grid-connected,0.0,0.7519301913580243,3383.6858611111093,4500,0.15,
2022-06-16 04:55:00,-280.0,0.0,-100.0,-80.0,-60.0,-40.0,0.0,0.0,0.0,grid-connected,0.0,0.746745006172839,3360.352527777776,4500,0.15,
2022-06-16 05:00:00,-280.0,0.0,-100.0,-80.0,-60.0,-40.0,0.0,0.0,0.0,grid-connected,0.0,0.7415598209876538,3337.0191944444423,4500,0.15,
2022-06-16 05:05:00,-280.0,0.0,-100.0,-80.0,-60.0,-40.0,0.0,0.0,0.0,grid-connected,0.0,0.7363746358024686,3313.685861111109,4500,0.15,
2022-06-16 05:10:00,-280.0,0.0,-100.0,-80.0,-60.0,-40.0,0.0,0.0,0.0,grid-connected,0.0,0.7311894506172834,3290.3525277777753,4500,0.15,
2022-06-16 05:15:00,-280.0,0.0,-100.0,-80.0,-60.0,-40.0,0.0,0.0,0.0,grid-connected,0.0,0.7260042654320982,3267.019194444442,4500,0.15,
2022-06-16 05:20:00,-280.0,0.0,-100.0,-80.0,-60.0,-40.0,0.0,0.0,0.0,grid-connected,0.0,0.720819080246913,3243.6858611111084,4500,0.15,
2022-06-16 05:25:00,-280.0,0.0,-100.0,-80.0,-60.0,-40.0,0.0,0.0,0.0,grid-connected,0.0,0.7156338950617277,3220.352527777775,4500,0.15,
2022-06-16 05:30:00,-280.0,0.0,-100.0,-80.0,-60.0,-40.0,0.0,0.0,0.0,grid-connected,0.0,0.7104487098765425,3197.0191944444414,4500,0.15,
2022-06-16 05:35:00,-280.0,0.0,-100.0,-80.0,-60.0,-40.0,0.0,0.0,0.0,grid-connected,0.0,0.7052635246913573,3173.685861111108,4500,0.15,
2022-06-16 05:40:00,-280.0,0.0,-100.0,-80.0,-60.0,-40.0,0.0,0.0,0.0,grid-connected,0.0,0.700078339506172,3150.3525277777744,4500,0.15,
2022-06-16 05:45:00,-280.0,0.0,-100.0,-80.0,-60.0,-40.0,0.0,0.0,0.0,grid-connected,0.0,0.6948931543209869,3127.019194444441,4500,0.15,
2022-06-16 05:50:00,-280.0,0.0,-100.0,-80.0,-60.0,-40.0,0.0,0.0,0.0,grid-connected,0.0,0.6897079691358017,3103.6858611111074,4500,0.15,
2022-06-16 05:55:00,-280.0,0.0,-100.0,-80.0,-60.0,-40.0,0.0,0.0,0.0,grid-connected,0.0,0.6845227839506164,3080.352527777774,4500,0.15,
2022-06-16 06:00:00,-280.0,0.0,-100.0,-80.0,-60.0,-40.0,0.0,0.0,0.0,grid-connected,0.0,0.6793375987654312,3057.0191944444405,4500,0.15,
2022-06-16 06:05:00,-280.0,0.0,-100.0,-80.0,-60.0,-40.0,0.0,0.0,0.0,grid-connected,0.0,0.674152413580246,3033.685861111107,4500,0.15,
2022-06-16 06:10:00,-280.0,0.0,-100.0,-80.0,-60.0,-40.0,0.0,0.0,0.0,grid-connected,0.0,0.6689672283950607,3010.3525277777735,4500,0.15,
2022-06-16 06:15:00,-280.0,0.0,-100.0,-80.0,-60.0,-40.0,0.0,0.0,0.0,grid-connected,0.0,0.6637820432098755,2987.01919444444,4500,0.15,
2022-06-16 06:20:00,-280.0,0.0,-100.0,-80.0,-60.0,-40.0,0.0,0.0,0.0,grid-connected,0.0,0.6585968580246904,2963.6858611111065,4500,0.15,
2022-06-16 06:25:00,-280.0,0.0,-100.0,-80.0,-60.0,-40.0,0.0,0.0,0.0,grid-connected,0.0,0.6534116728395051,2940.352527777773,4500,0.15,
2022-06-16 06:30:00,-280.0,0.0,-100.0,-80.0,-60.0,-40.0,0.0,0.0,0.0,grid-connected,0.0,0.6482264876543199,2917.0191944444396,4500,0.15,
2022-06-16 06:35:00,-280.0,0.0,-100.0,-80.0,-60.0,-40.0,0.0,0.0,0.0,grid-connected,0.0,0.6430413024691347,2893.685861111106,4500,0.15,
2022-06-16 06:40:00,-280.0,0.0,-100.0,-80.0,-60.0,-40.0,0.0,0.0,0.0,grid-connected,0.0,0.6378561172839494,2870.3525277777726,4500,0.15,
2022-06-16 06:45:00,-280.0,0.0,-100.0,-80.0,-60.0,-40.0,0.0,0.0,0.0,grid-connected,0.0,0.6326709320987642,2847.019194444439,4500,0.15,
2022-06-16 06:50:00,-280.0,0.0,-100.0,-80.0,-60.0,-40.0,0.0,0.0,0.0,grid-connected,0.0,0.6274857469135791,2823.6858611111056,4500,0.15,
2022-06-16 06:55:00,-280.0,0.0,-100.0,-80.0,-60.0,-40.0,0.0,0.0,0.0,grid-connected,0.0,0.6223005617283938,2800.352527777772,4500,0.15,
2022-06-16 07:00:00,-280.0,0.0,-100.0,-80.0,-60.0,-40.0,0.0,0.0,0.0,grid-connected,0.0,0.6171153765432086,2777.0191944444387,4500,0.15,
2022-06-16 07:05:00,-280.0,0.0,-100.0,-80.0,-60.0,-40.0,0.0,0.0,0.0,grid-connected,0.0,0.6119301913580234,2753.685861111105,4500,0.15,
2022-06-16 07:10:00,-280.0,0.0,-100.0,-80.0,-60.0,-40.0,0.0,0.0,0.0,grid-connected,0.0,0.6067450061728381,2730.3525277777717,4500,0.15,
2022-06-16 07:15:00,-280.0,0.0,-100.0,-80.0,-60.0,-40.0,0.0,0.0,0.0,grid-connected,0.0,0.6015598209876529,2707.019194444438,4500,0.15,
2022-06-16 07:20:00,-280.0,0.0,-100.0,-80.0,-60.0,-40.0,0.0,0.0,0.0,grid-connected,0.0,0.5963746358024677,2683.6858611111047,4500,0.15,
2022-06-16 07:25:00,-280.0,0.0,-100.0,-80.0,-60.0,-40.0,0.0,0.0,0.0,grid-connected,0.0,0.5911894506172825,2660.3525277777712,4500,0.15,
2022-06-16 07:30:00,-280.0,0.0,-100.0,-80.0,-60.0,-40.0,0.0,0.0,0.0,grid-connected,0.0,0.5860042654320973,2637.0191944444377,4500,0.15,
2022-06-16 07:35:00,-280.0,0.0,-100.0,-80.0,-60.0,-40.0,0.0,0.0,0.0,grid-connected,0.0,0.5808190802469121,2613.6858611111043,4500,0.15,
2022-06-16 07:40:00,-280.0,0.0,-100.0,-80.0,-60.0,-40.0,0.0,0.0,0.0,grid-connected,0.0,0.5756338950617268,2590.352527777771,4500,0.15,
2022-06-16 07:45:00,-280.0,0.0,-100.0,-80.0,-60.0,-40.0,0.0,0.0,0.0,grid-connected,0.0,0.5704487098765416,2567.0191944444373,4500,0.15,
2022-06-16 07:50:00,-280.0,0.0,-100.0,-80.0,-60.0,-40.0,0.0,0.0,0.0,grid-connected,0.0,0.5652635246913564,2543.685861111104,4500,0.15,
2022-06-16 07:55:00,-280.0,0.0,-100.0,-80.0,-60.0,-40.0,0.0,0.0,0.0,grid-connected,0.0,0.5600783395061711,2520.3525277777703,4500,0.15,
2022-06-16 08:00:00,-280.0,0.0,-100.0,-80.0,-60.0,-40.0,0.0,0.0,0.0,grid-connected,0.0,0.554893154320986,2497.019194444437,4500,0.15,
2022-06-16 08:05:00,-280.0,0.0,-100.0,-80.0,-60.0,-40.0,0.0,0.0,0.0,grid-connected,0.0,0.5497079691358008,2473.6858611111033,4500,0.15,
2022-06-16 08:10:00,-280.0,0.0,-100.0,-80.0,-60.0,-40.0,0.0,0.0,0.0,grid-connected,0.0,0.5445227839506155,2450.35252777777,4500,0.15,
2022-06-16 08:15:00,-280.0,0.0,-100.0,-80.0,-60.0,-40.0,0.0,0.0,0.0,grid-connected,0.0,0.5393375987654303,2427.0191944444364,4500,0.15,
2022-06-16 08:20:00,-280.0,0.0,-100.0,-80.0,-60.0,-40.0,0.0,0.0,0.0,grid-connected,0.0,0.5341524135802451,2403.685861111103,4500,0.15,
2022-06-16 08:25:00,-280.0,0.0,-100.0,-80.0,-60.0,-40.0,0.0,0.0,0.0,grid-connected,0.0,0.5289672283950598,2380.3525277777694,4500,0.15,
2022-06-16 08:30:00,-280.0,0.0,-100.0,-80.0,-60.0,-40.0,0.0,0.0,0.0,grid-connected,0.0,0.5237820432098746,2357.019194444436,4500,0.15,
2022-06-16 08:35:00,-280.0,0.0,-100.0,-80.0,-60.0,-40.0,0.0,0.0,0.0,grid-connected,0.0,0.5185968580246895,2333.6858611111024,4500,0.15,
2022-06-16 08:40:00,-280.0,0.0,-100.0,-80.0,-60.0,-40.0,0.0,0.0,0.0,grid-connected,0.0,0.5134116728395042,2310.352527777769,4500,0.15,
2022-06-16 08:45:00,-280.0,0.0,-100.0,-80.0,-60.0,-40.0,0.0,0.0,0.0,grid-connected,0.0,0.508226487654319,2287.0191944444355,4500,0.15,
2022-06-16 08:50:00,-280.0,0.0,-100.0,-80.0,-60.0,-40.0,0.0,0.0,0.0,grid-connected,0.0,0.5030413024691338,2263.685861111102,4500,0.15,
2022-06-16 08:55:00,-280.0,0.0,-100.0,-80.0,-60.0,-40.0,0.0,0.0,0.0,grid-connected,0.0,0.4978561172839486,2240.3525277777685,4500,0.15,
2022-06-16 09:00:00,-280.0,0.0,-100.0,-80.0,-60.0,-40.0,0.0,0.0,0.0,grid-connected,0.0,0.49267093209876334,2217.019194444435,4500,0.15,
2022-06-16 09:05:00,-280.0,0.0,-100.0,-80.0,-60.0,-40.0,0.0,0.0,0.0,grid-connected,0.0,0.4874857469135781,2193.6858611111015,4500,0.15,
2022-06-16 09:10:00,-280.0,0.0,-100.0,-80.0,-60.0,-40.0,0.0,0.0,0.0,grid-connected,0.0,0.4823005617283929,2170.352527777768,4500,0.15,
2022-06-16 09:15:00,-280.0,0.0,-100.0,-80.0,-60.0,-40.0,0.0,0.0,0.0,grid-connected,0.0,0.4771153765432077,2147.0191944444346,4500,0.15,
2022-06-16 09:20:00,-280.0,0.0,-100.0,-80.0,-60.0,-40.0,0.0,0.0,0.0,grid-connected,0.0,0.47193019135802244,2123.685861111101,4500,0.15,
2022-06-16 09:25:00,-280.0,0.0,-100.0,-80.0,-60.0,-40.0,0.0,0.0,0.0,grid-connected,0.0,0.46674500617283726,2100.3525277777676,4500,0.15,
2022-06-16 09:30:00,-280.0,0.0,-100.0,-80.0,-60.0,-40.0,0.0,0.0,0.0,grid-connected,0.0,0.461559820987652,2077.019194444434,4500,0.15,
2022-06-16 09:35:00,-280.0,0.0,-100.0,-80.0,-60.0,-40.0,0.0,0.0,0.0,grid-connected,0.0,0.4563746358024668,2053.6858611111006,4500,0.15,
2022-06-16 09:40:00,-280.0,0.0,-100.0,-80.0,-60.0,-40.0,0.0,0.0,0.0,grid-connected,0.0,0.45118945061728166,2030.3525277777674,4500,0.15,
2022-06-16 09:45:00,-280.0,0.0,-100.0,-80.0,-60.0,-40.0,0.0,0.0,0.0,grid-connected,0.0,0.4460042654320965,2007.019194444434,4500,0.15,
2022-06-16 09:50:00,-280.0,0.0,-100.0,-80.0,-60.0,-40.0,0.0,0.0,0.0,grid-connected,0.0,0.4408190802469113,1983.6858611111008,4500,0.15,
2022-06-16 09:55:00,-280.0,0.0,-100.0,-80.0,-60.0,-40.0,0.0,0.0,0.0,grid-connected,0.0,0.4356338950617261,1960.3525277777676,4500,0.15,
2022-06-16 10:00:00,-280.0,0.0,-100.0,-80.0,-60.0,-40.0,0.0,0.0,0.0,grid-connected,0.0,0.43044870987654094,1937.0191944444343,4500,0.15,
2022-06-16 10:05:00,-280.0,0.0,-100.0,-80.0,-60.0,-40.0,0.0,0.0,0.0,grid-connected,0.0,0.4252635246913558,1913.685861111101,4500,0.15,
2022-06-16 10:10:00,-280.0,0.0,-100.0,-80.0,-60.0,-40.0,0.0,0.0,0.0,grid-connected,0.0,0.42007833950617063,1890.3525277777678,4500,0.15,
2022-06-16 10:15:00,-280.0,0.0,-100.0,-80.0,-60.0,-40.0,0.0,0.0,0.0,grid-connected,0.0,0.41489315432098545,1867.0191944444346,4500,0.15,
2022-06-16 10:20:00,-280.0,0.0,-100.0,-80.0,-60.0,-40.0,0.0,0.0,0.0,grid-connected,0.0,0.40970796913580027,1843.6858611111013,4500,0.15,
2022-06-16 10:25:00,-280.0,0.0,-100.0,-80.0,-60.0,-40.0,0.0,0.0,0.0,grid-connected,0.0,0.40452278395061514,1820.352527777768,4500,0.15,
2022-06-16 10:30:00,-280.0,0.0,-100.0,-80.0,-60.0,-40.0,0.0,0.0,0.0,grid-connected,0.0,0.39933759876542996,1797.0191944444348,4500,0.15,
2022-06-16 10:35:00,-280.0,0.0,-100.0,-80.0,-60.0,-40.0,0.0,0.0,0.0,grid-connected,0.0,0.3941524135802448,1773.6858611111015,4500,0.15,
2022-06-16 10:40:00,-280.0,0.0,-100.0,-80.0,-60.0,-40.0,0.0,0.0,0.0,grid-connected,0.0,0.3889672283950596,1750.3525277777683,4500,0.15,
2022-06-16 10:45:00,-280.0,0.0,-100.0,-80.0,-60.0,-40.0,0.0,0.0,0.0,grid-connected,0.0,0.38378204320987447,1727.019194444435,4500,0.15,
2022-06-16 10:50:00,-280.0,0.0,-100.0,-80.0,-60.0,-40.0,0.0,0.0,0.0,grid-connected,0.0,0.3785968580246893,1703.6858611111018,4500,0.15,
2022-06-16 10:55:00,-280.0,0.0,-100.0,-80.0,-60.0,-40.0,0.0,0.0,0.0,grid-connected,0.0,0.3734116728395041,1680.3525277777685,4500,0.15,
2022-06-16 11:00:00,-280.0,0.0,-100.0,-80.0,-60.0,-40.0,0.0,0.0,0.0,grid-connected,0.0,0.3682264876543189,1657.0191944444352,4500,0.15,
2022-06-16 11:05:00,-280.0,0.0,-100.0,-80.0,-60.0,-40.0,0.0,0.0,0.0,grid-connected,0.0,0.3630413024691338,1633.685861111102,4500,0.15,
2022-06-16 11:10:00,-280.0,0.0,-100.0,-80.0,-60.0,-40.0,0.0,0.0,0.0,grid-connected,0.0,0.3578561172839486,1610.3525277777687,4500,0.15,
2022-06-16 11:15:00,-280.0,0.0,-100.0,-80.0,-60.0,-40.0,0.0,0.0,0.0,grid-connected,0.0,0.35267093209876343,1587.0191944444355,4500,0.15,
2022-06-16 11:20:00,-280.0,0.0,-100.0,-80.0,-60.0,-40.0,0.0,0.0,0.0,grid-connected,0.0,0.34748574691357825,1563.6858611111022,4500,0.15,
2022-06-16 11:25:00,-280.0,0.0,-100.0,-80.0,-60.0,-40.0,0.0,0.0,0.0,grid-connected,0.0,0.3423005617283931,1540.352527777769,4500,0.15,
2022-06-16 11:30:00,-280.0,0.0,-100.0,-80.0,-60.0,-40.0,0.0,0.0,0.0,grid-connected,0.0,0.33711537654320795,1517.0191944444357,4500,0.15,
2022-06-16 11:35:00,-280.0,0.0,-100.0,-80.0,-60.0,-40.0,0.0,0.0,0.0,grid-connected,0.0,0.33193019135802276,1493.6858611111024,4500,0.15,
2022-06-16 11:40:00,-280.0,0.0,-100.0,-80.0,-60.0,-40.0,0.0,0.0,0.0,grid-connected,0.0,0.3267450061728376,1470.3525277777692,4500,0.15,
2022-06-16 11:45:00,-280.0,0.0,-100.0,-80.0,-60.0,-40.0,0.0,0.0,0.0,grid-connected,0.0,0.3215598209876524,1447.019194444436,4500,0.15,
2022-06-16 11:50:00,-280.0,0.0,-100.0,-80.0,-60.0,-40.0,0.0,0.0,0.0,grid-connected,0.0,0.3163746358024673,1423.6858611111027,4500,0.15,
2022-06-16 11:55:00,-280.0,0.0,-100.0,-80.0,-60.0,-40.0,0.0,0.0,0.0,grid-connected,0.0,0.3111894506172821,1400.3525277777694,4500,0.15,
2022-06-16 12:00:00,-280.0,0.0,-100.0,-80.0,-60.0,-40.0,0.0,0.0,0.0,grid-connected,0.0,0.3060042654320969,1377.0191944444362,4500,0.15,
2022-06-16 12:05:00,-280.0,0.0,-100.0,-80.0,-60.0,-40.0,0.0,0.0,0.0,grid-connected,0.0,0.30081908024691173,1353.685861111103,4500,0.15,
2022-06-16 12:10:00,-280.0,0.0,-100.0,-80.0,-60.0,-40.0,0.0,0.0,0.0,grid-connected,0.0,0.2956338950617266,1330.3525277777696,4500,0.15,
2022-06-16 12:15:00,-280.0,0.0,-100.0,-80.0,-60.0,-40.0,0.0,0.0,0.0,grid-connected,0.0,0.2904487098765414,1307.0191944444364,4500,0.15,
2022-06-16 12:20:00,-280.0,0.0,-100.0,-80.0,-60.0,-40.0,0.0,0.0,0.0,grid-connected,0.0,0.28526352469135624,1283.6858611111031,4500,0.15,
2022-06-16 12:25:00,-280.0,0.0,-100.0,-80.0,-60.0,-40.0,0.0,0.0,0.0,grid-connected,0.0,0.28007833950617106,1260.3525277777699,4500,0.15,
2022-06-16 12:30:00,-280.0,0.0,-100.0,-80.0,-60.0,-40.0,0.0,0.0,0.0,grid-connected,0.0,0.27489315432098593,1237.0191944444366,4500,0.15,
2022-06-16 12:35:00,-280.0,0.0,-100.0,-80.0,-60.0,-40.0,0.0,0.0,0.0,grid-connected,0.0,0.26970796913580075,1213.6858611111033,4500,0.15,
2022-06-16 12:40:00,-280.0,0.0,-100.0,-80.0,-60.0,-40.0,0.0,0.0,0.0,grid-connected,0.0,0.26452278395061557,1190.35252777777,4500,0.15,
2022-06-16 12:45:00,-280.0,0.0,-100.0,-80.0,-60.0,-40.0,0.0,0.0,0.0,grid-connected,0.0,0.2593375987654304,1167.0191944444368,4500,0.15,
2022-06-16 12:50:00,-280.0,0.0,-100.0,-80.0,-60.0,-40.0,0.0,0.0,0.0,grid-connected,0.0,0.25415241358024526,1143.6858611111036,4500,0.15,
2022-06-16 12:55:00,-263.84499999999997,0.0,-100.0,-80.0,-60.0,-40.0,6.2825,5.385,4.4875,grid-connected,0.0,0.24896722839506008,1120.3525277777703,4500,0.15,
2022-06-16 13:00:00,-227.638,0.0,-100.0,-80.0,-60.0,-40.0,20.363,17.454,14.545,grid-connected,0.0,0.24408120987654153,1098.365444444437,4500,0.15,
2022-06-16 13:05:00,-203.734,0.0,-100.0,-80.0,-60.0,-40.0,29.659000000000002,25.422,21.185000000000002,grid-connected,0.0,0.23986569135802302,1079.3956111111036,4500,0.15,
2022-06-16 13:10:00,-185.581,0.0,-100.0,-80.0,-60.0,-40.0,36.7185,31.473000000000003,26.2275,grid-connected,0.0,0.23609283950617116,1062.4177777777702,4500,0.15,
2022-06-16 13:15:00,-165.331,0.0,-100.0,-80.0,-60.0,-40.0,44.5935,38.223,31.852500000000003,grid-connected,0.0,0.232656154320986,1046.952694444437,4500,0.15,
2022-06-16 13:20:00,-131.329,0.0,-100.0,-80.0,-60.0,-40.0,57.8165,49.556999999999995,41.2975,grid-connected,0.0,0.2295944691358008,1033.1751111111037,4500,0.15,
2022-06-16 13:25:00,-93.68200000000002,0.0,-100.0,-80.0,-60.0,-40.0,72.45700000000001,62.106,51.755,grid-connected,0.0,0.2271624506172823,1022.2310277777704,4500,0.15,
2022-06-16 13:30:00,-66.268,0.0,-100.0,-80.0,-60.0,-40.0,83.118,71.244,59.37,grid-connected,0.0,0.22542759876543045,1014.424194444437,4500,0.15,
2022-06-16 13:35:00,-58.320999999999984,0.0,-100.0,-80.0,-60.0,-40.0,86.2085,73.893,61.5775,grid-connected,0.0,0.22420041358024526,1008.9018611111037,4500,0.15,
2022-06-16 13:40:00,-71.254,0.0,-100.0,-80.0,-60.0,-40.0,81.179,69.582,57.985,grid-connected,0.0,0.22312039506172673,1004.0417777777703,4500,0.15,
2022-06-16 13:45:00,-85.06,0.0,-100.0,-80.0,-60.0,-40.0,75.81,64.97999999999999,54.15,grid-connected,0.0,0.22180087654320824,998.103944444437,4500,0.15,
2022-06-16 13:50:00,-86.49099999999999,0.0,-100.0,-80.0,-60.0,-40.0,75.2535,64.503,53.7525,grid-connected,0.0,0.22022569135802303,991.0156111111037,4500,0.15,
2022-06-16 13:55:00,-78.63399999999996,0.0,-100.0,-80.0,-60.0,-40.0,78.30900000000001,67.122,55.935,grid-connected,0.0,0.21862400617283786,983.8080277777703,4500,0.15,
2022-06-16 14:00:00,-66.19599999999998,0.0,-100.0,-80.0,-60.0,-40.0,83.146,71.268,59.39,grid-connected,0.0,0.21716782098765267,977.255194444437,4500,0.15,
2022-06-16 14:05:00,-49.70800000000001,0.0,-100.0,-80.0,-60.0,-40.0,89.55799999999999,76.764,63.97,grid-connected,0.0,0.21594196913580083,971.7388611111037,4500,0.15,
2022-06-16 14:10:00,-0.234999999999971,0.0,-100.0,-80.0,-60.0,-40.0,108.7975,93.25500000000001,77.7125,grid-connected,0.0,0.2150214506172823,967.5965277777703,4500,0.15,
2022-06-16 14:15:00,70.19000000000001,0.0,-100.0,-80.0,-60.0,-40.0,136.185,116.73,97.275,grid-connected,0.0,0.21501709876543046,967.576944444437,4500,0.15,
2022-06-16 14:20:00,158.20100000000002,0.0,-100.0,-80.0,-60.0,-40.0,170.41150000000002,146.067,121.72250000000001,grid-connected,0.0,0.21631691358024524,973.4261111111036,4500,0.15,
2022-06-16 14:25:00,261.31399999999996,0.0,-100.0,-80.0,-60.0,-40.0,210.511,180.438,150.365,grid-connected,0.0,0.21924656172839338,986.6095277777703,4500,0.15,
2022-06-16 14:30:00,377.072,0.0,-100.0,-80.0,-60.0,-40.0,255.52800000000002,219.024,182.52,grid-connected,0.0,0.22408570987654153,1008.3856944444369,4500,0.15,
2022-06-16 14:35:00,504.6110000000001,0.0,-100.0,-80.0,-60.0,-40.0,305.1265,261.53700000000003,217.94750000000002,grid-connected,0.0,0.23106852469135633,1039.8083611111035,4500,0.15,
2022-06-16 14:40:00,643.562,0.0,-100.0,-80.0,-60.0,-40.0,359.163,307.854,256.545,grid-connected,0.0,0.24041317283950447,1081.85927777777,4500,0.15,
2022-06-16 14:45:00,792.98,0.0,-100.0,-80.0,-60.0,-40.0,417.27000000000004,357.66,298.05,grid-connected,0.0,0.25233098765431927,1135.4894444444367,4500,0.15,
2022-06-16 14:50:00,950.498,0.0,-100.0,-80.0,-60.0,-40.0,478.52700000000004,410.16600000000005,341.805,grid-connected,0.0,0.2670158024691341,1201.5711111111034,4500,0.15,
2022-06-16 14:55:00,1113.362,0.0,-100.0,-80.0,-60.0,-40.0,541.863,464.454,387.045,grid-connected,0.0,0.28461761728394885,1280.77927777777,4500,0.15,
2022-06-16 15:00:00,1280.393,0.0,-100.0,-80.0,-60.0,-40.0,606.8195000000001,520.131,433.4425,grid-connected,0.0,0.3052354320987637,1373.5594444444366,4500,0.15,
2022-06-16 15:05:00,1447.739,0.0,-100.0,-80.0,-60.0,-40.0,671.8985,575.913,479.9275,grid-connected,0.0,0.3289464135802452,1480.2588611111032,4500,0.15,
2022-06-16 15:10:00,1624.814,0.0,-100.0,-80.0,-60.0,-40.0,740.761,634.938,529.115,grid-connected,0.0,0.3557563950617266,1600.9037777777698,4500,0.15,
2022-06-16 15:15:00,1811.429,0.0,-100.0,-80.0,-60.0,-40.0,813.3335,697.143,580.9525,grid-connected,0.0,0.3858455432098748,1736.3049444444366,4500,0.15,
2022-06-16 15:20:00,1999.6280000000002,0.0,-100.0,-80.0,-60.0,-40.0,886.522,759.8760000000001,633.23,grid-connected,0.0,0.4193905246913563,1887.2573611111034,4500,0.15,
2022-06-16 15:25:00,2183.255,0.0,-100.0,-80.0,-60.0,-40.0,957.9325000000001,821.085,684.2375000000001,grid-connected,0.0,0.45642067283950444,2053.89302777777,4500,0.15,
2022-06-16 15:30:00,2364.1820000000002,0.0,-100.0,-80.0,-60.0,-40.0,1028.2930000000001,881.394,734.495,grid-connected,0.0,0.4968513209876526,2235.8309444444367,4500,0.15,
2022-06-16 15:35:00,2549.087,0.0,-100.0,-80.0,-60.0,-40.0,1100.2005,943.029,785.8575,grid-connected,0.0,0.5406324691358008,2432.8461111111033,4500,0.15,
2022-06-16 15:40:00,2733.6859999999997,0.0,-100.0,-80.0,-60.0,-40.0,1171.989,1004.5619999999999,837.135,grid-connected,0.0,0.5878377839506155,2645.27002777777,4500,0.15,
2022-06-16 15:45:00,2918.825,0.0,-100.0,-80.0,-60.0,-40.0,1243.9875,1066.2749999999999,888.5625,grid-connected,0.0,0.6384615987654303,2873.0771944444364,4500,0.15,
2022-06-16 15:50:00,3100.409,0.0,-100.0,-80.0,-60.0,-40.0,1314.6035000000002,1126.803,939.0025,grid-connected,0.0,0.6925139135802452,3116.3126111111033,4500,0.15,
2022-06-16 15:55:00,3281.0389999999998,0.0,-100.0,-80.0,-60.0,-40.0,1384.8485,1187.013,989.1775,grid-connected,0.0,0.7499288950617267,3374.68002777777,4500,0.15,
2022-06-16 16:00:00,3458.6270000000004,0.0,-100.0,-80.0,-60.0,-40.0,1453.9105000000002,1246.209,1038.5075000000002,grid-connected,0.0,0.8106888765432082,3648.099944444437,4500,0.15,
2022-06-16 16:05:00,3633.6139999999996,0.0,-100.0,-80.0,-60.0,-40.0,1521.961,1304.538,1087.115,grid-connected,0.0,0.8747375246913563,3936.3188611111036,4500,0.15,
2022-06-16 16:10:00,3808.745,0.0,-100.0,-80.0,-60.0,-40.0,1590.0675,1362.915,1135.7625,grid-connected,0.0,0.9420266728395044,4239.12002777777,4500,0.15,
2022-06-16 16:15:00,3980.6179999999995,678.1853333332141,-100.0,-80.0,-60.0,-40.0,1656.907,1420.206,1183.5049999999999,grid-connected,0.0,1.0,4500,4500,0.15,
2022-06-16 16:20:00,4145.786,3980.61800000002,-100.0,-80.0,-60.0,-40.0,1721.1390000000001,1475.2620000000002,1229.385,grid-connected,0.0,1.0,4500,4500,0.15,
2022-06-16 16:25:00,4309.595,4145.78600000004,-100.0,-80.0,-60.0,-40.0,1784.8425000000002,1529.8650000000002,1274.8875,grid-connected,0.0,1.0,4500,4500,0.15,
2022-06-16 16:30:00,4464.646999999999,4309.595,-100.0,-80.0,-60.0,-40.0,1845.1404999999997,1581.549,1317.9575,grid-connected,0.0,1.0,4500,4500,0.15,
2022-06-16 16:35:00,4618.339999999999,4464.64699999998,-100.0,-80.0,-60.0,-40.0,1904.9099999999999,1632.78,1360.6499999999999,grid-connected,0.0,1.0,4500,4500,0.15,
2022-06-16 16:40:00,4773.32,4618.34,-100.0,-80.0,-60.0,-40.0,1965.1799999999998,1684.4399999999998,1403.7,grid-connected,0.0,1.0,4500,4500,0.15,
2022-06-16 16:45:00,4926.959000000001,4773.32,-100.0,-80.0,-60.0,-40.0,2024.9285000000002,1735.653,1446.3775,grid-connected,0.0,1.0,4500,4500,0.15,
2022-06-16 16:50:00,5076.647,4926.95899999996,-100.0,-80.0,-60.0,-40.0,2083.1405,1785.549,1487.9575,grid-connected,0.0,1.0,4500,4500,0.15,
2022-06-16 16:55:00,5222.303,5076.64699999998,-100.0,-80.0,-60.0,-40.0,2139.7844999999998,1834.1009999999999,1528.4175,grid-connected,0.0,1.0,4500,4500,0.15,
2022-06-16 17:00:00,5364.368,5222.30300000002,-100.0,-80.0,-60.0,-40.0,2195.032,1881.4560000000001,1567.88,grid-connected,0.0,1.0,4500,4500,0.15,
2022-06-16 17:05:00,5503.795999999999,5364.3680000000195,-100.0,-80.0,-60.0,-40.0,2249.254,1927.932,1606.61,grid-connected,0.0,1.0,4500,4500,0.15,
2022-06-16 17:10:00,5641.603999999999,5503.796000000039,-100.0,-80.0,-60.0,-40.0,2302.846,1973.868,1644.8899999999999,grid-connected,0.0,1.0,4500,4500,0.15,
2022-06-16 17:15:00,5775.370999999999,5641.60399999996,-100.0,-80.0,-60.0,-40.0,2354.8664999999996,2018.4569999999999,1682.0475,grid-connected,0.0,1.0,4500,4500,0.15,
2022-06-16 17:20:00,5903.342000000001,5775.37100000004,-100.0,-80.0,-60.0,-40.0,2404.6330000000003,2061.114,1717.595,grid-connected,0.0,1.0,4500,4500,0.15,
2022-06-16 17:25:00,6042.455000000001,5903.3419999999805,-100.0,-80.0,-60.0,-40.0,2458.7325,2107.485,1756.2375,grid-connected,0.0,1.0,4500,4500,0.15,
2022-06-16 17:30:00,6163.487,6042.455,-100.0,-80.0,-60.0,-40.0,2505.8005,2147.829,1789.8575,grid-connected,0.0,1.0,4500,4500,0.15,
2022-06-16 17:35:00,6281.360000000001,6163.48699999998,-100.0,-80.0,-60.0,-40.0,2551.64,2187.12,1822.6000000000001,grid-connected,0.0,1.0,4500,4500,0.15,
2022-06-16 17:40:00,6397.054999999999,6281.36,-100.0,-80.0,-60.0,-40.0,2596.6324999999997,2225.685,1854.7375,grid-connected,0.0,1.0,4500,4500,0.15,
2022-06-16 17:45:00,6507.4400000000005,6397.055,-100.0,-80.0,-60.0,-40.0,2639.5600000000004,2262.48,1885.4,grid-connected,0.0,1.0,4500,4500,0.15,
2022-06-16 17:50:00,6608.878999999999,6507.44,-100.0,-80.0,-60.0,-40.0,2679.0085,2296.293,1913.5774999999999,grid-connected,0.0,1.0,4500,4500,0.15,
2022-06-16 17:55:00,6700.9130000000005,6608.87899999996,-100.0,-80.0,-60.0,-40.0,2714.7995,2326.971,1939.1425000000002,grid-connected,0.0,1.0,4500,4500,0.15,
2022-06-16 18:00:00,6788.753000000001,6700.91300000002,-100.0,-80.0,-60.0,-40.0,2748.9595,2356.251,1963.5425,grid-connected,0.0,1.0,4500,4500,0.15,
2022-06-16 18:05:00,6885.232999999999,6788.75300000002,-100.0,-80.0,-60.0,-40.0,2786.4795,2388.411,1990.3425,grid-connected,0.0,1.0,4500,4500,0.15,
2022-06-16 18:10:00,6993.224,6885.23300000002,-100.0,-80.0,-60.0,-40.0,2828.4759999999997,2424.408,2020.34,grid-connected,0.0,1.0,4500,4500,0.15,
2022-06-16 18:15:00,7097.065999999999,6993.22399999996,-100.0,-80.0,-60.0,-40.0,2868.859,2459.022,2049.185,grid-connected,0.0,1.0,4500,4500,0.15,
2022-06-16 18:20:00,7184.762,7097.06600000004,-100.0,-80.0,-60.0,-40.0,2902.9629999999997,2488.254,2073.545,grid-connected,0.0,1.0,4500,4500,0.15,
2022-06-16 18:25:00,7261.802,7184.76199999998,-100.0,-80.0,-60.0,-40.0,2932.9230000000002,2513.934,2094.945,grid-connected,0.0,1.0,4500,4500,0.15,
2022-06-16 18:30:00,7334.693,7261.801999999981,-100.0,-80.0,-60.0,-40.0,2961.2695,2538.2309999999998,2115.1925,grid-connected,0.0,1.0,4500,4500,0.15,
2022-06-16 18:35:00,7404.686,7334.69300000002,-100.0,-80.0,-60.0,-40.0,2988.489,2561.562,2134.635,grid-connected,0.0,1.0,4500,4500,0.15,
2022-06-16 18:40:00,7471.259,7404.68600000004,-100.0,-80.0,-60.0,-40.0,3014.3785,2583.753,2153.1275,grid-connected,0.0,1.0,4500,4500,0.15,
2022-06-16 18:45:00,7533.161,7471.25899999996,-100.0,-80.0,-60.0,-40.0,3038.4515,2604.387,2170.3225,grid-connected,0.0,1.0,4500,4500,0.15,
2022-06-16 18:50:00,7590.275,7533.16100000004,-100.0,-80.0,-60.0,-40.0,3060.6625,2623.425,2186.1875,grid-connected,0.0,1.0,4500,4500,0.15,
2022-06-16 18:55:00,7650.971,7590.275,-100.0,-80.0,-60.0,-40.0,3084.2664999999997,2643.6569999999997,2203.0475,grid-connected,0.0,1.0,4500,4500,0.15,
2022-06-16 19:00:00,7710.227000000001,7650.97100000004,-100.0,-80.0,-60.0,-40.0,3107.3105,2663.409,2219.5075,grid-connected,0.0,1.0,4500,4500,0.15,
2022-06-16 19:05:00,7762.679,7710.22699999998,-100.0,-80.0,-60.0,-40.0,3127.7084999999997,2680.893,2234.0775,grid-connected,0.0,1.0,4500,4500,0.15,
2022-06-16 19:10:00,7811.486000000001,7762.67899999996,-100.0,-80.0,-60.0,-40.0,3146.689,2697.1620000000003,2247.635,grid-connected,0.0,1.0,4500,4500,0.15,
2022-06-16 19:15:00,7855.118,7811.48600000004,-100.0,-80.0,-60.0,-40.0,3163.657,2711.706,2259.755,grid-connected,0.0,1.0,4500,4500,0.15,
2022-06-16 19:20:00,7895.933000000001,7855.1180000000195,-100.0,-80.0,-60.0,-40.0,3179.5295,2725.311,2271.0925,grid-connected,0.0,1.0,4500,4500,0.15,
2022-06-16 19:25:00,7327.201333333333,7895.93300000002,-316.66666666666663,-253.33333333333331,-190.0,-126.66666666666666,3194.282,2737.956,2281.63,grid-connected,0.0,1.0,4500,4500,0.15,
2022-06-16 19:30:00,7361.707333333334,7327.201333333353,-316.66666666666663,-253.33333333333331,-190.0,-126.66666666666666,3207.701,2749.458,2291.215,grid-connected,0.0,1.0,4500,4500,0.15,
2022-06-16 19:35:00,7391.3353333333325,7361.707333333393,-316.66666666666663,-253.33333333333331,-190.0,-126.66666666666666,3219.223,2759.334,2299.445,grid-connected,0.0,1.0,4500,4500,0.15,
2022-06-16 19:40:00,7414.4473333333335,7391.335333333413,-316.66666666666663,-253.33333333333331,-190.0,-126.66666666666666,3228.211,2767.038,2305.865,grid-connected,0.0,1.0,4500,4500,0.15,
2022-06-16 19:45:00,7433.653333333333,7414.4473333332935,-316.66666666666663,-253.33333333333331,-190.0,-126.66666666666666,3235.68,2773.44,2311.2,grid-connected,0.0,1.0,4500,4500,0.15,
2022-06-16 19:50:00,7453.417333333335,7433.653333333334,-316.66666666666663,-253.33333333333331,-190.0,-126.66666666666666,3243.366,2780.0280000000002,2316.69,grid-connected,0.0,1.0,4500,4500,0.15,
2022-06-16 19:55:00,7470.7153333333345,7453.417333333294,-316.66666666666663,-253.33333333333331,-190.0,-126.66666666666666,3250.0930000000003,2785.7940000000003,2321.495,grid-connected,0.0,1.0,4500,4500,0.15,
2022-06-16 20:00:00,7480.021333333334,7470.715333333413,-316.66666666666663,-253.33333333333331,-190.0,-126.66666666666666,3253.712,2788.896,2324.08,grid-connected,0.0,1.0,4500,4500,0.15,
2022-06-16 20:05:00,7484.998333333333,7480.021333333254,-316.66666666666663,-253.33333333333331,-190.0,-126.66666666666666,3255.6475,2790.5550000000003,2325.4625,grid-connected,0.0,1.0,4500,4500,0.15,
2022-06-16 20:10:00,7490.767333333333,7484.998333333333,-316.66666666666663,-253.33333333333331,-190.0,-126.66666666666666,3257.891,2792.478,2327.065,grid-connected,0.0,1.0,4500,4500,0.15,
2022-06-16 20:15:00,7494.682333333334,7490.767333333293,-316.66666666666663,-253.33333333333331,-190.0,-126.66666666666666,3259.4135,2793.783,2328.1525,grid-connected,0.0,1.0,4500,4500,0.15,
2022-06-16 20:20:00,7492.261333333334,7494.682333333293,-316.66666666666663,-253.33333333333331,-190.0,-126.66666666666666,3258.472,2792.976,2327.48,grid-connected,0.0,1.0,4500,4500,0.15,
2022-06-16 20:25:00,7483.990333333334,7492.261333333254,-316.66666666666663,-253.33333333333331,-190.0,-126.66666666666666,3255.2555,2790.219,2325.1825,grid-connected,0.0,1.0,4500,4500,0.15,
2022-06-16 20:30:00,7473.550333333333,7483.990333333413,-316.66666666666663,-253.33333333333331,-190.0,-126.66666666666666,3251.1955,2786.739,2322.2825,grid-connected,0.0,1.0,4500,4500,0.15,
2022-06-16 20:35:00,7462.8043333333335,7473.550333333413,-316.66666666666663,-253.33333333333331,-190.0,-126.66666666666666,3247.0164999999997,2783.1569999999997,2319.2975,grid-connected,0.0,1.0,4500,4500,0.15,
2022-06-16 20:40:00,7451.275333333333,7462.8043333333735,-316.66666666666663,-253.33333333333331,-190.0,-126.66666666666666,3242.533,2779.314,2316.095,grid-connected,0.0,1.0,4500,4500,0.15,
2022-06-16 20:45:00,7435.039333333333,7451.275333333413,-316.66666666666663,-253.33333333333331,-190.0,-126.66666666666666,3236.219,2773.902,2311.585,grid-connected,0.0,1.0,4500,4500,0.15,
2022-06-16 20:50:00,7410.343333333334,7435.039333333373,-316.66666666666663,-253.33333333333331,-190.0,-126.66666666666666,3226.615,2765.67,2304.725,grid-connected,0.0,1.0,4500,4500,0.15,
2022-06-16 20:55:00,7378.042333333335,7410.343333333333,-316.66666666666663,-253.33333333333331,-190.0,-126.66666666666666,3214.0535,2754.9030000000002,2295.7525,grid-connected,0.0,1.0,4500,4500,0.15,
2022-06-16 21:00:00,7341.916333333334,7378.042333333294,-316.66666666666663,-253.33333333333331,-190.0,-126.66666666666666,3200.0045,2742.861,2285.7174999999997,grid-connected,0.0,1.0,4500,4500,0.15,
2022-06-16 21:05:00,7307.329333333333,7341.9163333332535,-316.66666666666663,-253.33333333333331,-190.0,-126.66666666666666,3186.554,2731.332,2276.11,grid-connected,0.0,1.0,4500,4500,0.15,
2022-06-16 21:10:00,7269.574333333332,7307.329333333373,-316.66666666666663,-253.33333333333331,-190.0,-126.66666666666666,3171.8714999999997,2718.747,2265.6225,grid-connected,0.0,1.0,4500,4500,0.15,
2022-06-16 21:15:00,7239.010333333334,7269.574333333373,-316.66666666666663,-253.33333333333331,-190.0,-126.66666666666666,3159.9855000000002,2708.559,2257.1325,grid-connected,0.0,1.0,4500,4500,0.15,
2022-06-16 21:20:00,7189.582333333334,7239.010333333413,-316.66666666666663,-253.33333333333331,-190.0,-126.66666666666666,3140.7635,2692.083,2243.4024999999997,grid-connected,0.0,1.0,4500,4500,0.15,
2022-06-16 21:25:00,7136.149333333333,7189.582333333294,-316.66666666666663,-253.33333333333331,-190.0,-126.66666666666666,3119.984,2674.272,2228.56,grid-connected,0.0,1.0,4500,4500,0.15,
2022-06-16 21:30:00,7084.435333333333,7136.149333333373,-316.66666666666663,-253.33333333333331,-190.0,-126.66666666666666,3099.873,2657.034,2214.1949999999997,grid-connected,0.0,1.0,4500,4500,0.15,
2022-06-16 21:35:00,7032.595333333333,7084.435333333413,-316.66666666666663,-253.33333333333331,-190.0,-126.66666666666666,3079.7129999999997,2639.754,2199.795,grid-connected,0.0,1.0,4500,4500,0.15,
2022-06-16 21:40:00,6976.399333333333,7032.595333333413,-316.66666666666663,-253.33333333333331,-190.0,-126.66666666666666,3057.859,2621.022,2184.185,grid-connected,0.0,1.0,4500,4500,0.15,
2022-06-16 21:45:00,6910.105333333333,6976.399333333373,-316.66666666666663,-253.33333333333331,-190.0,-126.66666666666666,3032.078,2598.924,2165.77,grid-connected,0.0,1.0,4500,4500,0.15,
2022-06-16 21:50:00,6831.490333333334,6910.105333333413,-316.66666666666663,-253.33333333333331,-190.0,-126.66666666666666,3001.5055,2572.719,2143.9325,grid-connected,0.0,1.0,4500,4500,0.15,
2022-06-16 21:55:00,6749.455333333333,6831.490333333413,-316.66666666666663,-253.33333333333331,-190.0,-126.66666666666666,2969.603,2545.3740000000003,2121.145,grid-connected,0.0,1.0,4500,4500,0.15,
2022-06-16 22:00:00,6670.8313333333335,6749.455333333412,-316.66666666666663,-253.33333333333331,-190.0,-126.66666666666666,2939.027,2519.1659999999997,2099.305,grid-connected,0.0,1.0,4500,4500,0.15,
2022-06-16 22:05:00,6593.215333333333,6670.8313333332535,-316.66666666666663,-253.33333333333331,-190.0,-126.66666666666666,2908.843,2493.294,2077.745,grid-connected,0.0,1.0,4500,4500,0.15,
2022-06-16 22:10:00,6511.189333333334,6593.215333333413,-316.66666666666663,-253.33333333333331,-190.0,-126.66666666666666,2876.944,2465.952,2054.96,grid-connected,0.0,1.0,4500,4500,0.15,
2022-06-16 22:15:00,6417.544333333334,6511.189333333373,-316.66666666666663,-253.33333333333331,-190.0,-126.66666666666666,2840.5265000000004,2434.737,2028.9475000000002,grid-connected,0.0,1.0,4500,4500,0.15,
2022-06-16 22:20:00,6309.625333333333,6417.544333333373,-316.66666666666663,-253.33333333333331,-190.0,-126.66666666666666,2798.558,2398.764,1998.9699999999998,grid-connected,0.0,1.0,4500,4500,0.15,
2022-06-16 22:25:00,6198.754333333333,6309.6253333334125,-316.66666666666663,-253.33333333333331,-190.0,-126.66666666666666,2755.4415,2361.807,1968.1725,grid-connected,0.0,1.0,4500,4500,0.15,
2022-06-16 22:30:00,6093.562333333333,6198.754333333373,-316.66666666666663,-253.33333333333331,-190.0,-126.66666666666666,2714.5335,2326.743,1938.9524999999999,grid-connected,0.0,1.0,4500,4500,0.15,
2022-06-16 22:35:00,5991.664333333334,6093.562333333293,-316.66666666666663,-253.33333333333331,-190.0,-126.66666666666666,2674.9065,2292.777,1910.6475,grid-connected,0.0,1.0,4500,4500,0.15,
2022-06-16 22:40:00,5887.390333333334,5991.664333333373,-316.66666666666663,-253.33333333333331,-190.0,-126.66666666666666,2634.3555,2258.0190000000002,1881.6825000000001,grid-connected,0.0,1.0,4500,4500,0.15,
2022-06-16 22:45:00,5779.156333333334,5887.390333333413,-316.66666666666663,-253.33333333333331,-190.0,-126.66666666666666,2592.2645,2221.9410000000003,1851.6175,grid-connected,0.0,1.0,4500,4500,0.15,
2022-06-16 22:50:00,5665.729333333334,5779.156333333254,-316.66666666666663,-253.33333333333331,-190.0,-126.66666666666666,2548.154,2184.132,1820.1100000000001,grid-connected,0.0,1.0,4500,4500,0.15,
2022-06-16 22:55:00,5547.955333333333,5665.729333333373,-316.66666666666663,-253.33333333333331,-190.0,-126.66666666666666,2502.353,2144.874,1787.395,grid-connected,0.0,1.0,4500,4500,0.15,
2022-06-16 23:00:00,5425.393333333333,5547.955333333412,-316.66666666666663,-253.33333333333331,-190.0,-126.66666666666666,2454.69,2104.02,1753.35,grid-connected,0.0,1.0,4500,4500,0.15,
2022-06-16 23:05:00,5300.203333333334,5425.393333333333,-316.66666666666663,-253.33333333333331,-190.0,-126.66666666666666,2406.005,2062.29,1718.575,grid-connected,0.0,1.0,4500,4500,0.15,
2022-06-16 23:10:00,5174.167333333333,5300.203333333333,-316.66666666666663,-253.33333333333331,-190.0,-126.66666666666666,2356.991,2020.278,1683.5649999999998,grid-connected,0.0,1.0,4500,4500,0.15,
2022-06-16 23:15:00,5045.557333333334,5174.167333333294,-316.66666666666663,-253.33333333333331,-190.0,-126.66666666666666,2306.976,1977.4080000000001,1647.8400000000001,grid-connected,0.0,1.0,4500,4500,0.15,
2022-06-16 23:20:00,4911.439333333334,5045.557333333293,-316.66666666666663,-253.33333333333331,-190.0,-126.66666666666666,2254.819,1932.702,1610.585,grid-connected,0.0,1.0,4500,4500,0.15,
2022-06-16 23:25:00,4775.656333333334,4911.439333333373,-316.66666666666663,-253.33333333333331,-190.0,-126.66666666666666,2202.0145,1887.441,1572.8675,grid-connected,0.0,1.0,4500,4500,0.15,
2022-06-16 23:30:00,4639.6483333333335,4775.656333333254,-316.66666666666663,-253.33333333333331,-190.0,-126.66666666666666,2149.1225,1842.105,1535.0875,grid-connected,0.0,1.0,4500,4500,0.15,
2022-06-16 23:35:00,4498.915333333333,4639.6483333333335,-316.66666666666663,-253.33333333333331,-190.0,-126.66666666666666,2094.393,1795.194,1495.995,grid-connected,0.0,1.0,4500,4500,0.15,
2022-06-16 23:40:00,4351.945333333333,4498.9153333334125,-316.66666666666663,-253.33333333333331,-190.0,-126.66666666666666,2037.238,1746.2040000000002,1455.17,grid-connected,0.0,1.0,4500,4500,0.15,
2022-06-16 23:45:00,4199.7553333333335,4351.945333333413,-316.66666666666663,-253.33333333333331,-190.0,-126.66666666666666,1978.053,1695.4740000000002,1412.8950000000002,grid-connected,0.0,1.0,4500,4500,0.15,
2022-06-16 23:50:00,4042.696333333334,4199.755333333413,-316.66666666666663,-253.33333333333331,-190.0,-126.66666666666666,1916.9745000000003,1643.121,1369.2675000000002,grid-connected,0.0,1.0,4500,4500,0.15,
2022-06-16 23:55:00,3882.3793333333333,4042.6963333332537,-316.66666666666663,-253.33333333333331,-190.0,-126.66666666666666,1854.629,1589.682,1324.735,grid-connected,0.0,1.0,4500,4500,0.15,
