time,p_delta,p_grid,sydney_server_1.p,sydney_server_2.p,sydney_server_3.p,sydney_solar_1.p,sydney_solar_2.p,sydney_solar_3.p,policy.mode,policy.charge_power,storage.soc,storage.charge_level,storage.capacity,storage.min_soc,storage.c_rate
2022-06-15 00:00:00,6291.898499999999,0.0,-350,-250,-150,2682.6279999999997,2347.2994999999996,2011.9709999999998,grid-connected,0.0,0.7,3849.9999999999995,5500,0.1,
2022-06-15 00:05:00,6387.085999999999,0.0,-221.66666666666666,-158.33333333333331,-95.0,2614.128,2287.362,1960.596,grid-connected,0.0,0.7953317954545454,4374.324874999999,5500,0.1,
2022-06-15 00:10:00,6292.481000000001,0.0,-221.66666666666666,-158.33333333333331,-95.0,2578.088,2255.827,1933.566,grid-connected,0.0,0.8921058257575756,4906.582041666666,5500,0.1,
2022-06-15 00:15:00,6527.6494999999995,0.0,-221.66666666666666,-158.33333333333331,-95.0,2667.6760000000004,2334.2165,2000.757,grid-connected,0.0,0.9874464469696967,5430.955458333332,5500,0.1,
2022-06-15 00:20:00,6901.691000000001,5699.114999999983,-221.66666666666666,-158.33333333333331,-95.0,2810.168,2458.897,2107.626,grid-connected,0.0,1.0,5500,5500,0.1,
2022-06-15 00:25:00,7133.268500000001,6901.691,-221.66666666666666,-158.33333333333331,-95.0,2898.3880000000004,2536.0895,2173.791,grid-connected,0.0,1.0,5500,5500,0.1,
2022-06-15 00:30:00,7227.0125,7133.268500000003,-221.66666666666666,-158.33333333333331,-95.0,2934.1,2567.3375,2200.575,grid-connected,0.0,1.0,5500,5500,0.1,
2022-06-15 00:35:00,7275.26,7227.0125,-221.66666666666666,-158.33333333333331,-95.0,2952.48,2583.42,2214.36,grid-connected,0.0,1.0,5500,5500,0.1,
2022-06-15 00:40:00,7314.194000000001,7275.26,-221.66666666666666,-158.33333333333331,-95.0,2967.3120000000004,2596.398,2225.484,grid-connected,0.0,1.0,5500,5500,0.1,
2022-06-15 00:45:00,7356.194000000001,7314.194000000004,-221.66666666666666,-158.33333333333331,-95.0,2983.3120000000004,2610.398,2237.484,grid-connected,0.0,1.0,5500,5500,0.1,
2022-06-15 00:50:00,7416.7685,7356.193999999998,-221.66666666666666,-158.33333333333331,-95.0,3006.388,2630.5895,2254.7909999999997,grid-connected,0.0,1.0,5500,5500,0.1,
2022-06-15 00:55:00,7501.3565,7416.768500000003,-221.66666666666666,-158.33333333333331,-95.0,3038.612,2658.7855,2278.9590000000003,grid-connected,0.0,1.0,5500,5500,0.1,
2022-06-15 01:00:00,7578.626,7501.356499999997,-221.66666666666666,-158.33333333333331,-95.0,3068.0480000000002,2684.542,2301.036,grid-connected,0.0,1.0,5500,5500,0.1,
2022-06-15 01:05:00,7616.121499999999,7578.626000000003,-221.66666666666666,-158.33333333333331,-95.0,3082.332,2697.0405,2311.7490000000003,grid-connected,0.0,1.0,5500,5500,0.1,
2022-06-15 01:10:00,7638.0455,7616.1214999999975,-221.66666666666666,-158.33333333333331,-95.0,3090.684,2704.3485,2318.013,grid-connected,0.0,1.0,5500,5500,0.1,
2022-06-15 01:15:00,7688.75,7638.045499999995,-221.66666666666666,-158.33333333333331,-95.0,3110.0,2721.25,2332.5,grid-connected,0.0,1.0,5500,5500,0.1,
2022-06-15 01:20:00,7761.4205,7688.75,-221.66666666666666,-158.33333333333331,-95.0,3137.684,2745.4735,2353.263,grid-connected,0.0,1.0,5500,5500,0.1,
2022-06-15 01:25:00,7822.6355,7761.420499999995,-221.66666666666666,-158.33333333333331,-95.0,3161.0040000000004,2765.8785000000003,2370.753,grid-connected,0.0,1.0,5500,5500,0.1,
2022-06-15 01:30:00,7845.683,7822.635499999995,-221.66666666666666,-158.33333333333331,-95.0,3169.784,2773.561,2377.3379999999997,grid-connected,0.0,1.0,5500,5500,0.1,
2022-06-15 01:35:00,7820.902999999999,7845.683000000007,-221.66666666666666,-158.33333333333331,-95.0,3160.3439999999996,2765.301,2370.258,grid-connected,0.0,1.0,5500,5500,0.1,
2022-06-15 01:40:00,7781.5805,7820.902999999995,-221.66666666666666,-158.33333333333331,-95.0,3145.364,2752.1935,2359.0229999999997,grid-connected,0.0,1.0,5500,5500,0.1,
2022-06-15 01:45:00,7772.624,7781.5804999999955,-221.66666666666666,-158.33333333333331,-95.0,3141.9519999999998,2749.208,2356.464,grid-connected,0.0,1.0,5500,5500,0.1,
2022-06-15 01:50:00,7785.0244999999995,7772.62400000001,-221.66666666666666,-158.33333333333331,-95.0,3146.676,2753.3415,2360.007,grid-connected,0.0,1.0,5500,5500,0.1,
2022-06-15 01:55:00,7790.379499999999,7785.024500000005,-221.66666666666666,-158.33333333333331,-95.0,3148.716,2755.1265,2361.537,grid-connected,0.0,1.0,5500,5500,0.1,
2022-06-15 02:00:00,7782.924499999999,7790.379500000005,-221.66666666666666,-158.33333333333331,-95.0,3145.8759999999997,2752.6414999999997,2359.4069999999997,grid-connected,0.0,1.0,5500,5500,0.1,
2022-06-15 02:05:00,7763.699,7782.924500000005,-221.66666666666666,-158.33333333333331,-95.0,3138.5519999999997,2746.2329999999997,2353.9139999999998,grid-connected,0.0,1.0,5500,5500,0.1,
2022-06-15 02:10:00,7734.6875,7763.69900000001,-221.66666666666666,-158.33333333333331,-95.0,3127.5,2736.5625,2345.625,grid-connected,0.0,1.0,5500,5500,0.1,
2022-06-15 02:15:00,7702.946,7734.6875,-221.66666666666666,-158.33333333333331,-95.0,3115.408,2725.982,2336.556,grid-connected,0.0,1.0,5500,5500,0.1,
2022-06-15 02:20:00,7663.581499999998,7702.94599999999,-221.66666666666666,-158.33333333333331,-95.0,3100.412,2712.8605,2325.3089999999997,grid-connected,0.0,1.0,5500,5500,0.1,
2022-06-15 02:25:00,7614.357499999999,7663.58150000001,-221.66666666666666,-158.33333333333331,-95.0,3081.66,2696.4525,2311.245,grid-connected,0.0,1.0,5500,5500,0.1,
2022-06-15 02:30:00,7579.277,7614.3575,-221.66666666666666,-158.33333333333331,-95.0,3068.2960000000003,2684.759,2301.222,grid-connected,0.0,1.0,5500,5500,0.1,
2022-06-15 02:35:00,7577.3135,7579.277000000005,-221.66666666666666,-158.33333333333331,-95.0,3067.548,2684.1045,2300.661,grid-connected,0.0,1.0,5500,5500,0.1,
2022-06-15 02:40:00,7573.9535000000005,7577.31349999999,-221.66666666666666,-158.33333333333331,-95.0,3066.268,2682.9845,2299.701,grid-connected,0.0,1.0,5500,5500,0.1,
2022-06-15 02:45:00,7531.1135,7573.95349999999,-221.66666666666666,-158.33333333333331,-95.0,3049.9480000000003,2668.7045000000003,2287.4610000000002,grid-connected,0.0,1.0,5500,5500,0.1,
2022-06-15 02:50:00,7470.434000000001,7531.11349999999,-221.66666666666666,-158.33333333333331,-95.0,3026.8320000000003,2648.478,2270.1240000000003,grid-connected,0.0,1.0,5500,5500,0.1,
2022-06-15 02:55:00,7423.478000000001,7470.43400000001,-221.66666666666666,-158.33333333333331,-95.0,3008.944,2632.826,2256.708,grid-connected,0.0,1.0,5500,5500,0.1,
2022-06-15 03:00:00,7369.802,7423.47800000002,-221.66666666666666,-158.33333333333331,-95.0,2988.496,2614.934,2241.372,grid-connected,0.0,1.0,5500,5500,0.1,
2022-06-15 03:05:00,7280.405,7369.801999999981,-221.66666666666666,-158.33333333333331,-95.0,2954.44,2585.1349999999998,2215.83,grid-connected,0.0,1.0,5500,5500,0.1,
2022-06-15 03:10:00,7179.353000000001,7280.405,-221.66666666666666,-158.33333333333331,-95.0,2915.944,2551.451,2186.958,grid-connected,0.0,1.0,5500,5500,0.1,
2022-06-15 03:15:00,7429.257,7179.35300000002,-70.0,-50.0,-30.0,2887.336,2526.419,2165.502,grid-connected,0.0,1.0,5500,5500,0.1,
2022-06-15 03:20:00,7370.037,7429.2569999999805,-70.0,-50.0,-30.0,2864.776,2506.679,2148.582,grid-connected,0.0,1.0,5500,5500,0.1,
2022-06-15 03:25:00,7304.306999999999,7370.03699999998,-70.0,-50.0,-30.0,2839.736,2484.769,2129.8019999999997,grid-connected,0.0,1.0,5500,5500,0.1,
2022-06-15 03:30:00,7230.975,7304.30699999998,-70.0,-50.0,-30.0,2811.7999999999997,2460.325,2108.85,grid-connected,0.0,1.0,5500,5500,0.1,
2022-06-15 03:35:00,7156.005000000001,7230.975,-70.0,-50.0,-30.0,2783.2400000000002,2435.335,2087.4300000000003,grid-connected,0.0,1.0,5500,5500,0.1,
2022-06-15 03:40:00,7076.457,7156.005,-70.0,-50.0,-30.0,2752.936,2408.819,2064.702,grid-connected,0.0,1.0,5500,5500,0.1,
2022-06-15 03:45:00,6986.157,7076.45699999998,-70.0,-50.0,-30.0,2718.536,2378.719,2038.9019999999998,grid-connected,0.0,1.0,5500,5500,0.1,
2022-06-15 03:50:00,6880.852500000001,6986.15699999998,-70.0,-50.0,-30.0,2678.42,2343.6175,2008.815,grid-connected,0.0,1.0,5500,5500,0.1,
2022-06-15 03:55:00,6762.2655,6880.8525,-70.0,-50.0,-30.0,2633.244,2304.0885,1974.933,grid-connected,0.0,1.0,5500,5500,0.1,
2022-06-15 04:00:00,6640.507500000001,6762.2655000000195,-70.0,-50.0,-30.0,2586.86,2263.5025,1940.1450000000002,grid-connected,0.0,1.0,5500,5500,0.1,
2022-06-15 04:05:00,6517.542,6640.5075,-70.0,-50.0,-30.0,2540.016,2222.514,1905.012,grid-connected,0.0,1.0,5500,5500,0.1,
2022-06-15 04:10:00,6384.884999999999,6517.54199999998,-70.0,-50.0,-30.0,2489.48,2178.295,1867.11,grid-connected,0.0,1.0,5500,5500,0.1,
2022-06-15 04:15:00,6245.277,6384.885,-70.0,-50.0,-30.0,2436.296,2131.759,1827.222,grid-connected,0.0,1.0,5500,5500,0.1,
2022-06-15 04:20:00,6126.249,6245.27699999998,-70.0,-50.0,-30.0,2390.9519999999998,2092.083,1793.214,grid-connected,0.0,1.0,5500,5500,0.1,
2022-06-15 04:25:00,6042.427500000001,6126.24900000001,-70.0,-50.0,-30.0,2359.02,2064.1425,1769.265,grid-connected,0.0,1.0,5500,5500,0.1,
2022-06-15 04:30:00,5951.130000000001,6042.4275,-70.0,-50.0,-30.0,2324.2400000000002,2033.71,1743.18,grid-connected,0.0,1.0,5500,5500,0.1,
2022-06-15 04:35:00,5809.338,5951.13,-70.0,-50.0,-30.0,2270.2239999999997,1986.446,1702.668,grid-connected,0.0,1.0,5500,5500,0.1,
2022-06-15 04:40:00,5626.554,5809.33800000002,-70.0,-50.0,-30.0,2200.592,1925.5179999999998,1650.444,grid-connected,0.0,1.0,5500,5500,0.1,
2022-06-15 04:45:00,5431.947,5626.55400000001,-70.0,-50.0,-30.0,2126.456,1860.6490000000001,1594.842,grid-connected,0.0,1.0,5500,5500,0.1,
2022-06-15 04:50:00,5261.847,5431.94699999998,-70.0,-50.0,-30.0,2061.656,1803.949,1546.2420000000002,grid-connected,0.0,1.0,5500,5500,0.1,
2022-06-15 04:55:00,5131.038,5261.84699999998,-70.0,-50.0,-30.0,2011.8239999999998,1760.3459999999998,1508.868,grid-connected,0.0,1.0,5500,5500,0.1,
2022-06-15 05:00:00,4992.0075,5131.03800000002,-70.0,-50.0,-30.0,1958.8600000000001,1714.0025,1469.145,grid-connected,0.0,1.0,5500,5500,0.1,
2022-06-15 05:05:00,4798.681500000001,4992.0075,-70.0,-50.0,-30.0,1885.2120000000002,1649.5605,1413.909,grid-connected,0.0,1.0,5500,5500,0.1,
2022-06-15 05:10:00,4563.324,4798.68150000001,-70.0,-50.0,-30.0,1795.5520000000001,1571.108,1346.664,grid-connected,0.0,1.0,5500,5500,0.1,
2022-06-15 05:15:00,4311.5025,4563.32400000001,-70.0,-50.0,-30.0,1699.62,1487.1675,1274.715,grid-connected,0.0,1.0,5500,5500,0.1,
2022-06-15 05:20:00,4081.2900000000004,4311.5025,-70.0,-50.0,-30.0,1611.92,1410.43,1208.94,grid-connected,0.0,1.0,5500,5500,0.1,
2022-06-15 05:25:00,3868.7174999999997,4081.29,-70.0,-50.0,-30.0,1530.94,1339.5725,1148.205,grid-connected,0.0,1.0,5500,5500,0.1,
2022-06-15 05:30:00,3650.16,3868.7175,-70.0,-50.0,-30.0,1447.68,1266.72,1085.76,grid-connected,0.0,1.0,5500,5500,0.1,
2022-06-15 05:35:00,3432.1065,3650.16,-70.0,-50.0,-30.0,1364.6119999999999,1194.0355,1023.459,grid-connected,0.0,1.0,5500,5500,0.1,
2022-06-15 05:40:00,3175.6755000000003,3432.10650000001,-70.0,-50.0,-30.0,1266.924,1108.5584999999999,950.193,grid-connected,0.0,1.0,5500,5500,0.1,
2022-06-15 05:45:00,2859.3525,3175.67550000002,-70.0,-50.0,-30.0,1146.42,1003.1175,859.8149999999999,grid-connected,0.0,1.0,5500,5500,0.1,
2022-06-15 05:50:00,2524.0245,2859.3525,-70.0,-50.0,-30.0,1018.6759999999999,891.3414999999999,764.007,grid-connected,0.0,1.0,5500,5500,0.1,
2022-06-15 05:55:00,2207.2605000000003,2524.02449999998,-70.0,-50.0,-30.0,898.004,785.7535,673.503,grid-connected,0.0,1.0,5500,5500,0.1,
2022-06-15 06:00:00,1856.319,2207.26050000002,-70.0,-50.0,-30.0,764.312,668.773,573.234,grid-connected,0.0,1.0,5500,5500,0.1,
2022-06-15 06:05:00,1467.7245000000003,1856.3189999999602,-70.0,-50.0,-30.0,616.2760000000001,539.2415000000001,462.20700000000005,grid-connected,0.0,1.0,5500,5500,0.1,
2022-06-15 06:10:00,1106.3564999999999,1467.72449999998,-70.0,-50.0,-30.0,478.61199999999997,418.78549999999996,358.959,grid-connected,0.0,1.0,5500,5500,0.1,
2022-06-15 06:15:00,835.4145000000001,1106.3564999999603,-70.0,-50.0,-30.0,375.396,328.4715,281.547,grid-connected,0.0,1.0,5500,5500,0.1,
2022-06-15 06:20:00,629.5725,835.4144999999801,-70.0,-50.0,-30.0,296.98,259.8575,222.735,grid-connected,0.0,1.0,5500,5500,0.1,
2022-06-15 06:25:00,446.43149999999997,629.5725,-70.0,-50.0,-30.0,227.212,198.8105,170.409,grid-connected,0.0,1.0,5500,5500,0.1,
2022-06-15 06:30:00,275.99550000000005,446.43149999996024,-70.0,-50.0,-30.0,162.28400000000002,141.9985,121.71300000000001,grid-connected,0.0,1.0,5500,5500,0.1,
2022-06-15 06:35:00,127.39950000000002,275.9955000000199,-70.0,-50.0,-30.0,105.676,92.46650000000001,79.257,grid-connected,0.0,1.0,5500,5500,0.1,
2022-06-15 06:40:00,8.276999999999994,127.39949999998014,-70.0,-50.0,-30.0,60.296,52.759,45.222,grid-connected,0.0,1.0,5500,5500,0.1,
2022-06-15 06:45:00,-82.548,8.276999999980132,-70.0,-50.0,-30.0,25.696,22.484,19.272,grid-connected,0.0,1.0,5500,5500,0.1,
2022-06-15 06:50:00,-140.8965,0.0,-70.0,-50.0,-30.0,3.468,3.0345,2.601,grid-connected,0.0,0.9987492727272728,5493.121,5500,0.1,
2022-06-15 06:55:00,-150.0,0.0,-70.0,-50.0,-30.0,0.0,0.0,0.0,grid-connected,0.0,0.9966144772727273,5481.3796250000005,5500,0.1,
2022-06-15 07:00:00,-150.0,0.0,-70.0,-50.0,-30.0,0.0,0.0,0.0,grid-connected,0.0,0.9943417500000001,5468.8796250000005,5500,0.1,
2022-06-15 07:05:00,-150.0,0.0,-70.0,-50.0,-30.0,0.0,0.0,0.0,grid-connected,0.0,0.9920690227272728,5456.3796250000005,5500,0.1,
2022-06-15 07:10:00,-150.0,0.0,-70.0,-50.0,-30.0,0.0,0.0,0.0,grid-connected,0.0,0.9897962954545455,5443.8796250000005,5500,0.1,
2022-06-15 07:15:00,-150.0,0.0,-70.0,-50.0,-30.0,0.0,0.0,0.0,grid-connected,0.0,0.9875235681818183,5431.3796250000005,5500,0.1,
2022-06-15 07:20:00,-150.0,0.0,-70.0,-50.0,-30.0,0.0,0.0,0.0,grid-connected,0.0,0.985250840909091,5418.8796250000005,5500,0.1,
2022-06-15 07:25:00,-150.0,0.0,-70.0,-50.0,-30.0,0.0,0.0,0.0,grid-connected,0.0,0.9829781136363637,5406.3796250000005,5500,0.1,
2022-06-15 07:30:00,-150.0,0.0,-70.0,-50.0,-30.0,0.0,0.0,0.0,grid-connected,0.0,0.9807053863636365,5393.8796250000005,5500,0.1,
2022-06-15 07:35:00,-150.0,0.0,-70.0,-50.0,-30.0,0.0,0.0,0.0,grid-connected,0.0,0.9784326590909092,5381.3796250000005,5500,0.1,
2022-06-15 07:40:00,-150.0,0.0,-70.0,-50.0,-30.0,0.0,0.0,0.0,grid-connected,0.0,0.976159931818182,5368.8796250000005,5500,0.1,
2022-06-15 07:45:00,-150.0,0.0,-70.0,-50.0,-30.0,0.0,0.0,0.0,grid-connected,0.0,0.9738872045454546,5356.3796250000005,5500,0.1,
2022-06-15 07:50:00,-150.0,0.0,-70.0,-50.0,-30.0,0.0,0.0,0.0,grid-connected,0.0,0.9716144772727273,5343.8796250000005,5500,0.1,
2022-06-15 07:55:00,-150.0,0.0,-70.0,-50.0,-30.0,0.0,0.0,0.0,grid-connected,0.0,0.9693417500000001,5331.3796250000005,5500,0.1,
2022-06-15 08:00:00,-150.0,0.0,-70.0,-50.0,-30.0,0.0,0.0,0.0,grid-connected,0.0,0.9670690227272728,5318.8796250000005,5500,0.1,
2022-06-15 08:05:00,-150.0,0.0,-70.0,-50.0,-30.0,0.0,0.0,0.0,grid-connected,0.0,0.9647962954545456,5306.3796250000005,5500,0.1,
2022-06-15 08:10:00,-150.0,0.0,-70.0,-50.0,-30.0,0.0,0.0,0.0,grid-connected,0.0,0.9625235681818183,5293.8796250000005,5500,0.1,
2022-06-15 08:15:00,-150.0,0.0,-70.0,-50.0,-30.0,0.0,0.0,0.0,grid-connected,0.0,0.960250840909091,5281.3796250000005,5500,0.1,
2022-06-15 08:20:00,-150.0,0.0,-70.0,-50.0,-30.0,0.0,0.0,0.0,grid-connected,0.0,0.9579781136363638,5268.8796250000005,5500,0.1,
2022-06-15 08:25:00,-150.0,0.0,-70.0,-50.0,-30.0,0.0,0.0,0.0,grid-connected,0.0,0.9557053863636364,5256.3796250000005,5500,0.1,
2022-06-15 08:30:00,-150.0,0.0,-70.0,-50.0,-30.0,0.0,0.0,0.0,grid-connected,0.0,0.9534326590909091,5243.8796250000005,5500,0.1,
2022-06-15 08:35:00,-150.0,0.0,-70.0,-50.0,-30.0,0.0,0.0,0.0,grid-connected,0.0,0.9511599318181819,5231.3796250000005,5500,0.1,
2022-06-15 08:40:00,-150.0,0.0,-70.0,-50.0,-30.0,0.0,0.0,0.0,grid-connected,0.0,0.9488872045454546,5218.8796250000005,5500,0.1,
2022-06-15 08:45:00,-150.0,0.0,-70.0,-50.0,-30.0,0.0,0.0,0.0,grid-connected,0.0,0.9466144772727274,5206.3796250000005,5500,0.1,
2022-06-15 08:50:00,-150.0,0.0,-70.0,-50.0,-30.0,0.0,0.0,0.0,grid-connected,0.0,0.9443417500000001,5193.8796250000005,5500,0.1,
2022-06-15 08:55:00,-150.0,0.0,-70.0,-50.0,-30.0,0.0,0.0,0.0,grid-connected,0.0,0.9420690227272728,5181.3796250000005,5500,0.1,
2022-06-15 09:00:00,-150.0,0.0,-70.0,-50.0,-30.0,0.0,0.0,0.0,grid-connected,0.0,0.9397962954545456,5168.8796250000005,5500,0.1,
2022-06-15 09:05:00,-150.0,0.0,-70.0,-50.0,-30.0,0.0,0.0,0.0,grid-connected,0.0,0.9375235681818183,5156.3796250000005,5500,0.1,
2022-06-15 09:10:00,-150.0,0.0,-70.0,-50.0,-30.0,0.0,0.0,0.0,grid-connected,0.0,0.935250840909091,5143.8796250000005,5500,0.1,
2022-06-15 09:15:00,-150.0,0.0,-70.0,-50.0,-30.0,0.0,0.0,0.0,grid-connected,0.0,0.9329781136363637,5131.3796250000005,5500,0.1,
2022-06-15 09:20:00,-150.0,0.0,-70.0,-50.0,-30.0,0.0,0.0,0.0,grid-connected,0.0,0.9307053863636364,5118.8796250000005,5500,0.1,
2022-06-15 09:25:00,-150.0,0.0,-70.0,-50.0,-30.0,0.0,0.0,0.0,grid-connected,0.0,0.9284326590909092,5106.3796250000005,5500,0.1,
2022-06-15 09:30:00,-150.0,0.0,-70.0,-50.0,-30.0,0.0,0.0,0.0,grid-connected,0.0,0.9261599318181819,5093.8796250000005,5500,0.1,
2022-06-15 09:35:00,-150.0,0.0,-70.0,-50.0,-30.0,0.0,0.0,0.0,grid-connected,0.0,0.9238872045454546,5081.3796250000005,5500,0.1,
2022-06-15 09:40:00,-150.0,0.0,-70.0,-50.0,-30.0,0.0,0.0,0.0,grid-connected,0.0,0.9216144772727274,5068.8796250000005,5500,0.1,
2022-06-15 09:45:00,-150.0,0.0,-70.0,-50.0,-30.0,0.0,0.0,0.0,grid-connected,0.0,0.9193417500000001,5056.3796250000005,5500,0.1,
2022-06-15 09:50:00,-150.0,0.0,-70.0,-50.0,-30.0,0.0,0.0,0.0,grid-connected,0.0,0.9170690227272729,5043.8796250000005,5500,0.1,
2022-06-15 09:55:00,-150.0,0.0,-70.0,-50.0,-30.0,0.0,0.0,0.0,grid-connected,0.0,0.9147962954545455,5031.3796250000005,5500,0.1,
2022-06-15 10:00:00,-150.0,0.0,-70.0,-50.0,-30.0,0.0,0.0,0.0,grid-connected,0.0,0.9125235681818182,5018.8796250000005,5500,0.1,
2022-06-15 10:05:00,-150.0,0.0,-70.0,-50.0,-30.0,0.0,0.0,0.0,grid-connected,0.0,0.910250840909091,5006.3796250000005,5500,0.1,
2022-06-15 10:10:00,-150.0,0.0,-70.0,-50.0,-30.0,0.0,0.0,0.0,grid-connected,0.0,0.9079781136363637,4993.8796250000005,5500,0.1,
2022-06-15 10:15:00,-150.0,0.0,-70.0,-50.0,-30.0,0.0,0.0,0.0,grid-connected,0.0,0.9057053863636364,4981.3796250000005,5500,0.1,
2022-06-15 10:20:00,-150.0,0.0,-70.0,-50.0,-30.0,0.0,0.0,0.0,grid-connected,0.0,0.9034326590909092,4968.8796250000005,5500,0.1,
2022-06-15 10:25:00,-150.0,0.0,-70.0,-50.0,-30.0,0.0,0.0,0.0,grid-connected,0.0,0.9011599318181819,4956.3796250000005,5500,0.1,
2022-06-15 10:30:00,-150.0,0.0,-70.0,-50.0,-30.0,0.0,0.0,0.0,grid-connected,0.0,0.8988872045454547,4943.8796250000005,5500,0.1,
2022-06-15 10:35:00,-150.0,0.0,-70.0,-50.0,-30.0,0.0,0.0,0.0,grid-connected,0.0,0.8966144772727274,4931.3796250000005,5500,0.1,
2022-06-15 10:40:00,-150.0,0.0,-70.0,-50.0,-30.0,0.0,0.0,0.0,grid-connected,0.0,0.89434175,4918.8796250000005,5500,0.1,
2022-06-15 10:45:00,-150.0,0.0,-70.0,-50.0,-30.0,0.0,0.0,0.0,grid-connected,0.0,0.8920690227272728,4906.3796250000005,5500,0.1,
2022-06-15 10:50:00,-150.0,0.0,-70.0,-50.0,-30.0,0.0,0.0,0.0,grid-connected,0.0,0.8897962954545455,4893.8796250000005,5500,0.1,
2022-06-15 10:55:00,-150.0,0.0,-70.0,-50.0,-30.0,0.0,0.0,0.0,grid-connected,0.0,0.8875235681818183,4881.3796250000005,5500,0.1,
2022-06-15 11:00:00,-150.0,0.0,-70.0,-50.0,-30.0,0.0,0.0,0.0,grid-connected,0.0,0.885250840909091,4868.8796250000005,5500,0.1,
2022-06-15 11:05:00,-150.0,0.0,-70.0,-50.0,-30.0,0.0,0.0,0.0,grid-connected,0.0,0.8829781136363637,4856.3796250000005,5500,0.1,
2022-06-15 11:10:00,-150.0,0.0,-70.0,-50.0,-30.0,0.0,0.0,0.0,grid-connected,0.0,0.8807053863636365,4843.8796250000005,5500,0.1,
2022-06-15 11:15:00,-150.0,0.0,-70.0,-50.0,-30.0,0.0,0.0,0.0,grid-connected,0.0,0.8784326590909092,4831.3796250000005,5500,0.1,
2022-06-15 11:20:00,-150.0,0.0,-70.0,-50.0,-30.0,0.0,0.0,0.0,grid-connected,0.0,0.8761599318181819,4818.8796250000005,5500,0.1,
2022-06-15 11:25:00,-150.0,0.0,-70.0,-50.0,-30.0,0.0,0.0,0.0,grid-connected,0.0,0.8738872045454547,4806.3796250000005,5500,0.1,
2022-06-15 11:30:00,-150.0,0.0,-70.0,-50.0,-30.0,0.0,0.0,0.0,grid-connected,0.0,0.8716144772727273,4793.8796250000005,5500,0.1,
2022-06-15 11:35:00,-150.0,0.0,-70.0,-50.0,-30.0,0.0,0.0,0.0,grid-connected,0.0,0.8693417500000001,4781.3796250000005,5500,0.1,
2022-06-15 11:40:00,-150.0,0.0,-70.0,-50.0,-30.0,0.0,0.0,0.0,grid-connected,0.0,0.8670690227272728,4768.8796250000005,5500,0.1,
2022-06-15 11:45:00,-150.0,0.0,-70.0,-50.0,-30.0,0.0,0.0,0.0,grid-connected,0.0,0.8647962954545455,4756.3796250000005,5500,0.1,
2022-06-15 11:50:00,-150.0,0.0,-70.0,-50.0,-30.0,0.0,0.0,0.0,grid-connected,0.0,0.8625235681818183,4743.8796250000005,5500,0.1,
2022-06-15 11:55:00,-150.0,0.0,-70.0,-50.0,-30.0,0.0,0.0,0.0,grid-connected,0.0,0.860250840909091,4731.3796250000005,5500,0.1,
2022-06-15 12:00:00,-150.0,0.0,-70.0,-50.0,-30.0,0.0,0.0,0.0,grid-connected,0.0,0.8579781136363637,4718.8796250000005,5500,0.1,
2022-06-15 12:05:00,-150.0,0.0,-70.0,-50.0,-30.0,0.0,0.0,0.0,grid-connected,0.0,0.8557053863636365,4706.3796250000005,5500,0.1,
2022-06-15 12:10:00,-150.0,0.0,-70.0,-50.0,-30.0,0.0,0.0,0.0,grid-connected,0.0,0.8534326590909092,4693.8796250000005,5500,0.1,
2022-06-15 12:15:00,-150.0,0.0,-70.0,-50.0,-30.0,0.0,0.0,0.0,grid-connected,0.0,0.851159931818182,4681.3796250000005,5500,0.1,
2022-06-15 12:20:00,-150.0,0.0,-70.0,-50.0,-30.0,0.0,0.0,0.0,grid-connected,0.0,0.8488872045454546,4668.8796250000005,5500,0.1,
2022-06-15 12:25:00,-150.0,0.0,-70.0,-50.0,-30.0,0.0,0.0,0.0,grid-connected,0.0,0.8466144772727273,4656.3796250000005,5500,0.1,
2022-06-15 12:30:00,-150.0,0.0,-70.0,-50.0,-30.0,0.0,0.0,0.0,grid-connected,0.0,0.8443417500000001,4643.8796250000005,5500,0.1,
2022-06-15 12:35:00,-150.0,0.0,-70.0,-50.0,-30.0,0.0,0.0,0.0,grid-connected,0.0,0.8420690227272728,4631.3796250000005,5500,0.1,
2022-06-15 12:40:00,-150.0,0.0,-70.0,-50.0,-30.0,0.0,0.0,0.0,grid-connected,0.0,0.8397962954545456,4618.8796250000005,5500,0.1,
2022-06-15 12:45:00,-150.0,0.0,-70.0,-50.0,-30.0,0.0,0.0,0.0,grid-connected,0.0,0.8375235681818183,4606.3796250000005,5500,0.1,
2022-06-15 12:50:00,-150.0,0.0,-70.0,-50.0,-30.0,0.0,0.0,0.0,grid-connected,0.0,0.835250840909091,4593.8796250000005,5500,0.1,
2022-06-15 12:55:00,-150.0,0.0,-70.0,-50.0,-30.0,0.0,0.0,0.0,grid-connected,0.0,0.8329781136363638,4581.3796250000005,5500,0.1,
2022-06-15 13:00:00,-150.0,0.0,-70.0,-50.0,-30.0,0.0,0.0,0.0,grid-connected,0.0,0.8307053863636364,4568.8796250000005,5500,0.1,
2022-06-15 13:05:00,-150.0,0.0,-70.0,-50.0,-30.0,0.0,0.0,0.0,grid-connected,0.0,0.8284326590909091,4556.3796250000005,5500,0.1,
2022-06-15 13:10:00,-150.0,0.0,-70.0,-50.0,-30.0,0.0,0.0,0.0,grid-connected,0.0,0.8261599318181819,4543.8796250000005,5500,0.1,
2022-06-15 13:15:00,-150.0,0.0,-70.0,-50.0,-30.0,0.0,0.0,0.0,grid-connected,0.0,0.8238872045454546,4531.3796250000005,5500,0.1,
2022-06-15 13:20:00,-150.0,0.0,-70.0,-50.0,-30.0,0.0,0.0,0.0,grid-connected,0.0,0.8216144772727274,4518.8796250000005,5500,0.1,
2022-06-15 13:25:00,-150.0,0.0,-70.0,-50.0,-30.0,0.0,0.0,0.0,grid-connected,0.0,0.8193417500000001,4506.3796250000005,5500,0.1,
2022-06-15 13:30:00,-150.0,0.0,-70.0,-50.0,-30.0,0.0,0.0,0.0,grid-connected,0.0,0.8170690227272728,4493.8796250000005,5500,0.1,
2022-06-15 13:35:00,-150.0,0.0,-70.0,-50.0,-30.0,0.0,0.0,0.0,grid-connected,0.0,0.8147962954545456,4481.3796250000005,5500,0.1,
2022-06-15 13:40:00,-150.0,0.0,-70.0,-50.0,-30.0,0.0,0.0,0.0,grid-connected,0.0,0.8125235681818183,4468.8796250000005,5500,0.1,
2022-06-15 13:45:00,-150.0,0.0,-70.0,-50.0,-30.0,0.0,0.0,0.0,grid-connected,0.0,0.810250840909091,4456.3796250000005,5500,0.1,
2022-06-15 13:50:00,-150.0,0.0,-70.0,-50.0,-30.0,0.0,0.0,0.0,grid-connected,0.0,0.8079781136363637,4443.8796250000005,5500,0.1,
2022-06-15 13:55:00,-150.0,0.0,-70.0,-50.0,-30.0,0.0,0.0,0.0,grid-connected,0.0,0.8057053863636364,4431.3796250000005,5500,0.1,
2022-06-15 14:00:00,-150.0,0.0,-70.0,-50.0,-30.0,0.0,0.0,0.0,grid-connected,0.0,0.8034326590909092,4418.8796250000005,5500,0.1,
2022-06-15 14:05:00,-150.0,0.0,-70.0,-50.0,-30.0,0.0,0.0,0.0,grid-connected,0.0,0.8011599318181819,4406.3796250000005,5500,0.1,
2022-06-15 14:10:00,-150.0,0.0,-70.0,-50.0,-30.0,0.0,0.0,0.0,grid-connected,0.0,0.7988872045454546,4393.8796250000005,5500,0.1,
2022-06-15 14:15:00,-150.0,0.0,-70.0,-50.0,-30.0,0.0,0.0,0.0,grid-connected,0.0,0.7966144772727274,4381.3796250000005,5500,0.1,
2022-06-15 14:20:00,-150.0,0.0,-70.0,-50.0,-30.0,0.0,0.0,0.0,grid-connected,0.0,0.7943417500000001,4368.8796250000005,5500,0.1,
2022-06-15 14:25:00,-150.0,0.0,-70.0,-50.0,-30.0,0.0,0.0,0.0,grid-connected,0.0,0.7920690227272729,4356.3796250000005,5500,0.1,
2022-06-15 14:30:00,-150.0,0.0,-70.0,-50.0,-30.0,0.0,0.0,0.0,grid-connected,0.0,0.7897962954545455,4343.8796250000005,5500,0.1,
2022-06-15 14:35:00,-150.0,0.0,-70.0,-50.0,-30.0,0.0,0.0,0.0,grid-connected,0.0,0.7875235681818182,4331.3796250000005,5500,0.1,
2022-06-15 14:40:00,-150.0,0.0,-70.0,-50.0,-30.0,0.0,0.0,0.0,grid-connected,0.0,0.785250840909091,4318.8796250000005,5500,0.1,
2022-06-15 14:45:00,-150.0,0.0,-70.0,-50.0,-30.0,0.0,0.0,0.0,grid-connected,0.0,0.7829781136363637,4306.3796250000005,5500,0.1,
2022-06-15 14:50:00,-150.0,0.0,-70.0,-50.0,-30.0,0.0,0.0,0.0,grid-connected,0.0,0.7807053863636364,4293.8796250000005,5500,0.1,
2022-06-15 14:55:00,-150.0,0.0,-70.0,-50.0,-30.0,0.0,0.0,0.0,grid-connected,0.0,0.7784326590909092,4281.3796250000005,5500,0.1,
2022-06-15 15:00:00,-150.0,0.0,-70.0,-50.0,-30.0,0.0,0.0,0.0,grid-connected,0.0,0.7761599318181819,4268.8796250000005,5500,0.1,
2022-06-15 15:05:00,-150.0,0.0,-70.0,-50.0,-30.0,0.0,0.0,0.0,grid-connected,0.0,0.7738872045454547,4256.3796250000005,5500,0.1,
2022-06-15 15:10:00,-150.0,0.0,-70.0,-50.0,-30.0,0.0,0.0,0.0,grid-connected,0.0,0.7716144772727274,4243.8796250000005,5500,0.1,
2022-06-15 15:15:00,-150.0,0.0,-70.0,-50.0,-30.0,0.0,0.0,0.0,grid-connected,0.0,0.76934175,4231.3796250000005,5500,0.1,
2022-06-15 15:20:00,-150.0,0.0,-70.0,-50.0,-30.0,0.0,0.0,0.0,grid-connected,0.0,0.7670690227272728,4218.8796250000005,5500,0.1,
2022-06-15 15:25:00,-150.0,0.0,-70.0,-50.0,-30.0,0.0,0.0,0.0,grid-connected,0.0,0.7647962954545455,4206.3796250000005,5500,0.1,
2022-06-15 15:30:00,-150.0,0.0,-70.0,-50.0,-30.0,0.0,0.0,0.0,grid-connected,0.0,0.7625235681818183,4193.8796250000005,5500,0.1,
2022-06-15 15:35:00,-150.0,0.0,-70.0,-50.0,-30.0,0.0,0.0,0.0,grid-connected,0.0,0.760250840909091,4181.3796250000005,5500,0.1,
2022-06-15 15:40:00,-150.0,0.0,-70.0,-50.0,-30.0,0.0,0.0,0.0,grid-connected,0.0,0.7579781136363637,4168.8796250000005,5500,0.1,
2022-06-15 15:45:00,-150.0,0.0,-70.0,-50.0,-30.0,0.0,0.0,0.0,grid-connected,0.0,0.7557053863636365,4156.3796250000005,5500,0.1,
2022-06-15 15:50:00,-150.0,0.0,-70.0,-50.0,-30.0,0.0,0.0,0.0,grid-connected,0.0,0.7534326590909092,4143.8796250000005,5500,0.1,
2022-06-15 15:55:00,-150.0,0.0,-70.0,-50.0,-30.0,0.0,0.0,0.0,grid-connected,0.0,0.7511599318181819,4131.3796250000005,5500,0.1,
2022-06-15 16:00:00,-150.0,0.0,-70.0,-50.0,-30.0,0.0,0.0,0.0,grid-connected,0.0,0.7488872045454547,4118.8796250000005,5500,0.1,
2022-06-15 16:05:00,-150.0,0.0,-70.0,-50.0,-30.0,0.0,0.0,0.0,grid-connected,0.0,0.7466144772727273,4106.3796250000005,5500,0.1,
2022-06-15 16:10:00,-150.0,0.0,-70.0,-50.0,-30.0,0.0,0.0,0.0,grid-connected,0.0,0.7443417500000001,4093.8796250000005,5500,0.1,
2022-06-15 16:15:00,-150.0,0.0,-70.0,-50.0,-30.0,0.0,0.0,0.0,grid-connected,0.0,0.7420690227272728,4081.3796250000005,5500,0.1,
2022-06-15 16:20:00,-150.0,0.0,-70.0,-50.0,-30.0,0.0,0.0,0.0,grid-connected,0.0,0.7397962954545455,4068.8796250000005,5500,0.1,
2022-06-15 16:25:00,-150.0,0.0,-70.0,-50.0,-30.0,0.0,0.0,0.0,grid-connected,0.0,0.7375235681818183,4056.3796250000005,5500,0.1,
2022-06-15 16:30:00,-150.0,0.0,-70.0,-50.0,-30.0,0.0,0.0,0.0,grid-connected,0.0,0.735250840909091,4043.8796250000005,5500,0.1,
2022-06-15 16:35:00,-150.0,0.0,-70.0,-50.0,-30.0,0.0,0.0,0.0,grid-connected,0.0,0.7329781136363637,4031.3796250000005,5500,0.1,
2022-06-15 16:40:00,-150.0,0.0,-70.0,-50.0,-30.0,0.0,0.0,0.0,grid-connected,0.0,0.7307053863636365,4018.8796250000005,5500,0.1,
2022-06-15 16:45:00,-150.0,0.0,-70.0,-50.0,-30.0,0.0,0.0,0.0,grid-connected,0.0,0.7284326590909092,4006.3796250000005,5500,0.1,
2022-06-15 16:50:00,-150.0,0.0,-70.0,-50.0,-30.0,0.0,0.0,0.0,grid-connected,0.0,0.726159931818182,3993.8796250000005,5500,0.1,
2022-06-15 16:55:00,-150.0,0.0,-70.0,-50.0,-30.0,0.0,0.0,0.0,grid-connected,0.0,0.7238872045454546,3981.3796250000005,5500,0.1,
2022-06-15 17:00:00,-150.0,0.0,-70.0,-50.0,-30.0,0.0,0.0,0.0,grid-connected,0.0,0.7216144772727273,3968.8796250000005,5500,0.1,
2022-06-15 17:05:00,-150.0,0.0,-70.0,-50.0,-30.0,0.0,0.0,0.0,grid-connected,0.0,0.7193417500000001,3956.3796250000005,5500,0.1,
2022-06-15 17:10:00,-150.0,0.0,-70.0,-50.0,-30.0,0.0,0.0,0.0,grid-connected,0.0,0.7170690227272728,3943.8796250000005,5500,0.1,
2022-06-15 17:15:00,-150.0,0.0,-70.0,-50.0,-30.0,0.0,0.0,0.0,grid-connected,0.0,0.7147962954545456,3931.3796250000005,5500,0.1,
2022-06-15 17:20:00,-150.0,0.0,-70.0,-50.0,-30.0,0.0,0.0,0.0,grid-connected,0.0,0.7125235681818183,3918.8796250000005,5500,0.1,
2022-06-15 17:25:00,-150.0,0.0,-70.0,-50.0,-30.0,0.0,0.0,0.0,grid-connected,0.0,0.710250840909091,3906.3796250000005,5500,0.1,
2022-06-15 17:30:00,-150.0,0.0,-70.0,-50.0,-30.0,0.0,0.0,0.0,grid-connected,0.0,0.7079781136363638,3893.8796250000005,5500,0.1,
2022-06-15 17:35:00,-150.0,0.0,-70.0,-50.0,-30.0,0.0,0.0,0.0,grid-connected,0.0,0.7057053863636364,3881.3796250000005,5500,0.1,
2022-06-15 17:40:00,-150.0,0.0,-70.0,-50.0,-30.0,0.0,0.0,0.0,grid-connected,0.0,0.7034326590909091,3868.8796250000005,5500,0.1,
2022-06-15 17:45:00,-150.0,0.0,-70.0,-50.0,-30.0,0.0,0.0,0.0,grid-connected,0.0,0.7011599318181819,3856.3796250000005,5500,0.1,
2022-06-15 17:50:00,-150.0,0.0,-70.0,-50.0,-30.0,0.0,0.0,0.0,grid-connected,0.0,0.6988872045454546,3843.8796250000005,5500,0.1,
2022-06-15 17:55:00,-150.0,0.0,-70.0,-50.0,-30.0,0.0,0.0,0.0,grid-connected,0.0,0.6966144772727274,3831.3796250000005,5500,0.1,
2022-06-15 18:00:00,-150.0,0.0,-70.0,-50.0,-30.0,0.0,0.0,0.0,grid-connected,0.0,0.6943417500000001,3818.8796250000005,5500,0.1,
2022-06-15 18:05:00,-150.0,0.0,-70.0,-50.0,-30.0,0.0,0.0,0.0,grid-connected,0.0,0.6920690227272728,3806.3796250000005,5500,0.1,
2022-06-15 18:10:00,-150.0,0.0,-70.0,-50.0,-30.0,0.0,0.0,0.0,grid-connected,0.0,0.6897962954545456,3793.8796250000005,5500,0.1,
2022-06-15 18:15:00,-150.0,0.0,-70.0,-50.0,-30.0,0.0,0.0,0.0,grid-connected,0.0,0.6875235681818183,3781.3796250000005,5500,0.1,
2022-06-15 18:20:00,-150.0,0.0,-70.0,-50.0,-30.0,0.0,0.0,0.0,grid-connected,0.0,0.685250840909091,3768.8796250000005,5500,0.1,
2022-06-15 18:25:00,-150.0,0.0,-70.0,-50.0,-30.0,0.0,0.0,0.0,grid-connected,0.0,0.6829781136363637,3756.3796250000005,5500,0.1,
2022-06-15 18:30:00,-150.0,0.0,-70.0,-50.0,-30.0,0.0,0.0,0.0,grid-connected,0.0,0.6807053863636364,3743.8796250000005,5500,0.1,
2022-06-15 18:35:00,-150.0,0.0,-70.0,-50.0,-30.0,0.0,0.0,0.0,grid-connected,0.0,0.6784326590909092,3731.3796250000005,5500,0.1,
2022-06-15 18:40:00,-150.0,0.0,-70.0,-50.0,-30.0,0.0,0.0,0.0,grid-connected,0.0,0.6761599318181819,3718.8796250000005,5500,0.1,
2022-06-15 18:45:00,-150.0,0.0,-70.0,-50.0,-30.0,0.0,0.0,0.0,grid-connected,0.0,0.6738872045454546,3706.3796250000005,5500,0.1,
2022-06-15 18:50:00,-150.0,0.0,-70.0,-50.0,-30.0,0.0,0.0,0.0,grid-connected,0.0,0.6716144772727274,3693.8796250000005,5500,0.1,
2022-06-15 18:55:00,-150.0,0.0,-70.0,-50.0,-30.0,0.0,0.0,0.0,grid-connected,0.0,0.6693417500000001,3681.3796250000005,5500,0.1,
2022-06-15 19:00:00,-150.0,0.0,-70.0,-50.0,-30.0,0.0,0.0,0.0,grid-connected,0.0,0.6670690227272729,3668.8796250000005,5500,0.1,
2022-06-15 19:05:00,-150.0,0.0,-70.0,-50.0,-30.0,0.0,0.0,0.0,grid-connected,0.0,0.6647962954545455,3656.3796250000005,5500,0.1,
2022-06-15 19:10:00,-150.0,0.0,-70.0,-50.0,-30.0,0.0,0.0,0.0,grid-connected,0.0,0.6625235681818182,3643.8796250000005,5500,0.1,
2022-06-15 19:15:00,-475.0,0.0,-221.66666666666666,-158.33333333333331,-95.0,0.0,0.0,0.0,grid-connected,0.0,0.660250840909091,3631.3796250000005,5500,0.1,
2022-06-15 19:20:00,-475.0,0.0,-221.66666666666666,-158.33333333333331,-95.0,0.0,0.0,0.0,grid-connected,0.0,0.6530538712121213,3591.796291666667,5500,0.1,
2022-06-15 19:25:00,-475.0,0.0,-221.66666666666666,-158.33333333333331,-95.0,0.0,0.0,0.0,grid-connected,0.0,0.6458569015151515,3552.2129583333335,5500,0.1,
2022-06-15 19:30:00,-475.0,0.0,-221.66666666666666,-158.33333333333331,-95.0,0.0,0.0,0.0,grid-connected,0.0,0.6386599318181818,3512.629625,5500,0.1,
2022-06-15 19:35:00,-475.0,0.0,-221.66666666666666,-158.33333333333331,-95.0,0.0,0.0,0.0,grid-connected,0.0,0.6314629621212121,3473.0462916666665,5500,0.1,
2022-06-15 19:40:00,-475.0,0.0,-221.66666666666666,-158.33333333333331,-95.0,0.0,0.0,0.0,grid-connected,0.0,0.6242659924242424,3433.462958333333,5500,0.1,
2022-06-15 19:45:00,-475.0,0.0,-221.66666666666666,-158.33333333333331,-95.0,0.0,0.0,0.0,grid-connected,0.0,0.6170690227272726,3393.8796249999996,5500,0.1,
2022-06-15 19:50:00,-475.0,0.0,-221.66666666666666,-158.33333333333331,-95.0,0.0,0.0,0.0,grid-connected,0.0,0.6098720530303029,3354.296291666666,5500,0.1,
2022-06-15 19:55:00,-475.0,0.0,-221.66666666666666,-158.33333333333331,-95.0,0.0,0.0,0.0,grid-connected,0.0,0.6026750833333332,3314.7129583333326,5500,0.1,
2022-06-15 20:00:00,-475.0,0.0,-221.66666666666666,-158.33333333333331,-95.0,0.0,0.0,0.0,grid-connected,0.0,0.5954781136363635,3275.129624999999,5500,0.1,
2022-06-15 20:05:00,-475.0,0.0,-221.66666666666666,-158.33333333333331,-95.0,0.0,0.0,0.0,grid-connected,0.0,0.5882811439393938,3235.5462916666656,5500,0.1,
2022-06-15 20:10:00,-475.0,0.0,-221.66666666666666,-158.33333333333331,-95.0,0.0,0.0,0.0,grid-connected,0.0,0.581084174242424,3195.962958333332,5500,0.1,
2022-06-15 20:15:00,-475.0,0.0,-221.66666666666666,-158.33333333333331,-95.0,0.0,0.0,0.0,grid-connected,0.0,0.5738872045454543,3156.3796249999987,5500,0.1,
2022-06-15 20:20:00,-475.0,0.0,-221.66666666666666,-158.33333333333331,-95.0,0.0,0.0,0.0,grid-connected,0.0,0.5666902348484846,3116.796291666665,5500,0.1,
2022-06-15 20:25:00,-475.0,0.0,-221.66666666666666,-158.33333333333331,-95.0,0.0,0.0,0.0,grid-connected,0.0,0.5594932651515149,3077.2129583333317,5500,0.1,
2022-06-15 20:30:00,-475.0,0.0,-221.66666666666666,-158.33333333333331,-95.0,0.0,0.0,0.0,grid-connected,0.0,0.5522962954545452,3037.629624999998,5500,0.1,
2022-06-15 20:35:00,-475.0,0.0,-221.66666666666666,-158.33333333333331,-95.0,0.0,0.0,0.0,grid-connected,0.0,0.5450993257575754,2998.0462916666647,5500,0.1,
2022-06-15 20:40:00,-475.0,0.0,-221.66666666666666,-158.33333333333331,-95.0,0.0,0.0,0.0,grid-connected,0.0,0.5379023560606057,2958.4629583333312,5500,0.1,
2022-06-15 20:45:00,-475.0,0.0,-221.66666666666666,-158.33333333333331,-95.0,0.0,0.0,0.0,grid-connected,0.0,0.530705386363636,2918.8796249999978,5500,0.1,
2022-06-15 20:50:00,-475.0,0.0,-221.66666666666666,-158.33333333333331,-95.0,0.0,0.0,0.0,grid-connected,0.0,0.5235084166666663,2879.2962916666643,5500,0.1,
2022-06-15 20:55:00,-475.0,0.0,-221.66666666666666,-158.33333333333331,-95.0,0.0,0.0,0.0,grid-connected,0.0,0.5163114469696966,2839.712958333331,5500,0.1,
2022-06-15 21:00:00,-475.0,0.0,-221.66666666666666,-158.33333333333331,-95.0,0.0,0.0,0.0,grid-connected,0.0,0.5091144772727267,2800.1296249999973,5500,0.1,
2022-06-15 21:05:00,-432.33849999999995,0.0,-221.66666666666666,-158.33333333333331,-95.0,16.252,14.2205,12.189,grid-connected,0.0,0.501917507575757,2760.546291666664,5500,0.1,
2022-06-15 21:10:00,-383.3455,0.0,-221.66666666666666,-158.33333333333331,-95.0,34.916000000000004,30.5515,26.187,grid-connected,0.0,0.49536692424242373,2724.5180833333307,5500,0.1,
2022-06-15 21:15:00,-326.92900000000003,0.0,-221.66666666666666,-158.33333333333331,-95.0,56.408,49.357,42.306,grid-connected,0.0,0.4895586590909086,2692.5726249999975,5500,0.1,
2022-06-15 21:20:00,-248.37849999999997,0.0,-221.66666666666666,-158.33333333333331,-95.0,86.33200000000001,75.54050000000001,64.74900000000001,grid-connected,0.0,0.48460518939393893,2665.328541666664,5500,0.1,
2022-06-15 21:25:00,-129.42399999999998,0.0,-221.66666666666666,-158.33333333333331,-95.0,131.648,115.192,98.73599999999999,grid-connected,0.0,0.4808418787878783,2644.630333333331,5500,0.1,
2022-06-15 21:30:00,30.144500000000022,0.0,-221.66666666666666,-158.33333333333331,-95.0,192.436,168.3815,144.327,grid-connected,0.0,0.47888090909090864,2633.8449999999975,5500,0.1,
2022-06-15 21:35:00,232.43750000000003,0.0,-221.66666666666666,-158.33333333333331,-95.0,269.5,235.81250000000003,202.125,grid-connected,0.0,0.47933764393939354,2636.3570416666644,5500,0.1,
2022-06-15 21:40:00,466.997,0.0,-221.66666666666666,-158.33333333333331,-95.0,358.856,313.999,269.142,grid-connected,0.0,0.4828594242424238,2655.726833333331,5500,0.1,
2022-06-15 21:45:00,724.037,0.0,-221.66666666666666,-158.33333333333331,-95.0,456.776,399.67900000000003,342.582,grid-connected,0.0,0.4899351363636359,2694.6432499999974,5500,0.1,
2022-06-15 21:50:00,1010.3405,0.0,-221.66666666666666,-158.33333333333331,-95.0,565.844,495.1135,424.38300000000004,grid-connected,0.0,0.5009053939393935,2754.979666666664,5500,0.1,
2022-06-15 21:55:00,1328.3645000000001,0.0,-221.66666666666666,-158.33333333333331,-95.0,686.9960000000001,601.1215000000001,515.2470000000001,grid-connected,0.0,0.5162135833333329,2839.1747083333307,5500,0.1,
2022-06-15 22:00:00,1638.545,0.0,-221.66666666666666,-158.33333333333331,-95.0,805.16,704.515,603.87,grid-connected,0.0,0.5363403181818177,2949.8717499999975,5500,0.1,
2022-06-15 22:05:00,1908.9095,0.0,-221.66666666666666,-158.33333333333331,-95.0,908.156,794.6365,681.117,grid-connected,0.0,0.5611667575757572,3086.4171666666643,5500,0.1,
2022-06-15 22:10:00,2164.5845,0.0,-221.66666666666666,-158.33333333333331,-95.0,1005.5559999999999,879.8614999999999,754.1669999999999,grid-connected,0.0,0.5900896287878784,3245.492958333331,5500,0.1,
2022-06-15 22:15:00,2461.8395,0.0,-221.66666666666666,-158.33333333333331,-95.0,1118.7959999999998,978.9464999999999,839.097,grid-connected,0.0,0.6228863636363632,3425.8749999999977,5500,0.1,
2022-06-15 22:20:00,2772.4714999999997,0.0,-221.66666666666666,-158.33333333333331,-95.0,1237.1319999999998,1082.4904999999999,927.8489999999999,grid-connected,0.0,0.6601869621212116,3631.0282916666642,5500,0.1,
2022-06-15 22:25:00,3040.1375,0.0,-221.66666666666666,-158.33333333333331,-95.0,1339.1,1171.7124999999999,1004.3249999999999,grid-connected,0.0,0.7021941060606056,3862.0675833333307,5500,0.1,
2022-06-15 22:30:00,3293.219,0.0,-221.66666666666666,-158.33333333333331,-95.0,1435.512,1256.0729999999999,1076.634,grid-connected,0.0,0.7482567954545449,4115.412374999997,5500,0.1,
2022-06-15 22:35:00,3578.126,0.0,-221.66666666666666,-158.33333333333331,-95.0,1544.048,1351.0420000000001,1158.036,grid-connected,0.0,0.7981540530303026,4389.847291666664,5500,0.1,
2022-06-15 22:40:00,3847.0729999999994,0.0,-221.66666666666666,-158.33333333333331,-95.0,1646.504,1440.691,1234.878,grid-connected,0.0,0.8523680833333328,4688.024458333331,5500,0.1,
2022-06-15 22:45:00,4109.961499999999,0.0,-221.66666666666666,-158.33333333333331,-95.0,1746.652,1528.3205,1309.989,grid-connected,0.0,0.9106570681818177,5008.613874999997,5500,0.1,
2022-06-15 22:50:00,4326.9965,0.0,-221.66666666666666,-158.33333333333331,-95.0,1829.3319999999999,1600.6655,1371.999,grid-connected,0.0,0.9729292121212116,5351.110666666664,5500,0.1,
2022-06-15 22:55:00,4471.382,2540.32449999998,-221.66666666666666,-158.33333333333331,-95.0,1884.336,1648.794,1413.252,grid-connected,0.0,1.0,5500,5500,0.1,
2022-06-15 23:00:00,4592.6885,4471.3819999999805,-221.66666666666666,-158.33333333333331,-95.0,1930.548,1689.2295,1447.911,grid-connected,0.0,1.0,5500,5500,0.1,
2022-06-15 23:05:00,4762.8724999999995,4592.688500000039,-221.66666666666666,-158.33333333333331,-95.0,1995.3799999999999,1745.9575,1496.5349999999999,grid-connected,0.0,1.0,5500,5500,0.1,
2022-06-15 23:10:00,4971.2660000000005,4762.8725,-221.66666666666666,-158.33333333333331,-95.0,2074.768,1815.4220000000003,1556.076,grid-connected,0.0,1.0,5500,5500,0.1,
2022-06-15 23:15:00,5169.715999999999,4971.26600000004,-221.66666666666666,-158.33333333333331,-95.0,2150.368,1881.572,1612.7759999999998,grid-connected,0.0,1.0,5500,5500,0.1,
2022-06-15 23:20:00,5320.884499999999,5169.7160000000395,-221.66666666666666,-158.33333333333331,-95.0,2207.9559999999997,1931.9615,1655.9669999999999,grid-connected,0.0,1.0,5500,5500,0.1,
2022-06-15 23:25:00,5415.226999999999,5320.88449999998,-221.66666666666666,-158.33333333333331,-95.0,2243.8959999999997,1963.4089999999999,1682.922,grid-connected,0.0,1.0,5500,5500,0.1,
2022-06-15 23:30:00,5495.741,5415.22699999998,-221.66666666666666,-158.33333333333331,-95.0,2274.5679999999998,1990.2469999999998,1705.926,grid-connected,0.0,1.0,5500,5500,0.1,
2022-06-15 23:35:00,5609.687,5495.74100000004,-221.66666666666666,-158.33333333333331,-95.0,2317.9759999999997,2028.2289999999998,1738.482,grid-connected,0.0,1.0,5500,5500,0.1,
2022-06-15 23:40:00,5751.206,5609.68699999998,-221.66666666666666,-158.33333333333331,-95.0,2371.8880000000004,2075.402,1778.9160000000002,grid-connected,0.0,1.0,5500,5500,0.1,
2022-06-15 23:45:00,5900.159,5751.20600000004,-221.66666666666666,-158.33333333333331,-95.0,2428.632,2125.053,1821.474,grid-connected,0.0,1.0,5500,5500,0.1,
2022-06-15 23:50:00,6042.308,5900.1589999999605,-221.66666666666666,-158.33333333333331,-95.0,2482.784,2172.436,1862.088,grid-connected,0.0,1.0,5500,5500,0.1,
2022-06-15 23:55:00,6166.942999999999,6042.30800000002,-221.66666666666666,-158.33333333333331,-95.0,2530.2639999999997,2213.9809999999998,1897.6979999999999,grid-connected,0.0,1.0,5500,5500,0.1,
2022-06-16 00:00:00,6277.9385,6166.94300000002,-221.66666666666666,-158.33333333333331,-95.0,2572.548,2250.9795,1929.4109999999998,grid-connected,0.0,1.0,5500,5500,0.1,
2022-06-16 00:05:00,6381.2795,6277.938500000039,-221.66666666666666,-158.33333333333331,-95.0,2611.9159999999997,2285.4265,1958.937,grid-connected,0.0,1.0,5500,5500,0.1,
2022-06-16 00:10:00,6478.677500000001,6381.2794999999805,-221.66666666666666,-158.33333333333331,-95.0,2649.02,2317.8925,1986.765,grid-connected,0.0,1.0,5500,5500,0.1,
2022-06-16 00:15:00,6572.4845000000005,6478.6775,-221.66666666666666,-158.33333333333331,-95.0,2684.7560000000003,2349.1615,2013.567,grid-connected,0.0,1.0,5500,5500,0.1,
2022-06-16 00:20:00,6656.159000000001,6572.4844999999805,-221.66666666666666,-158.33333333333331,-95.0,2716.632,2377.0530000000003,2037.4740000000002,grid-connected,0.0,1.0,5500,5500,0.1,
2022-06-16 00:25:00,6723.2645,6656.1589999999605,-221.66666666666666,-158.33333333333331,-95.0,2742.196,2399.4215,2056.647,grid-connected,0.0,1.0,5500,5500,0.1,
2022-06-16 00:30:00,6778.463,6723.26449999998,-221.66666666666666,-158.33333333333331,-95.0,2763.224,2417.821,2072.418,grid-connected,0.0,1.0,5500,5500,0.1,
2022-06-16 00:35:00,6824.033,6778.46300000002,-221.66666666666666,-158.33333333333331,-95.0,2780.5840000000003,2433.011,2085.438,grid-connected,0.0,1.0,5500,5500,0.1,
2022-06-16 00:40:00,6553.133,6824.0330000000195,-221.66666666666666,-158.33333333333331,-95.0,2677.384,2342.711,2008.038,grid-connected,0.0,1.0,5500,5500,0.1,
2022-06-16 00:45:00,5983.865,6553.13300000002,-221.66666666666666,-158.33333333333331,-95.0,2460.52,2152.955,1845.3899999999999,grid-connected,0.0,1.0,5500,5500,0.1,
2022-06-16 00:50:00,5632.472,5983.865,-221.66666666666666,-158.33333333333331,-95.0,2326.656,2035.8239999999998,1744.992,grid-connected,0.0,1.0,5500,5500,0.1,
2022-06-16 00:55:00,6025.2875,5632.47199999998,-221.66666666666666,-158.33333333333331,-95.0,2476.3,2166.7625000000003,1857.2250000000001,grid-connected,0.0,1.0,5500,5500,0.1,
2022-06-16 01:00:00,6705.446,6025.2875,-221.66666666666666,-158.33333333333331,-95.0,2735.408,2393.482,2051.556,grid-connected,0.0,1.0,5500,5500,0.1,
2022-06-16 01:05:00,7075.969999999999,6705.44600000004,-221.66666666666666,-158.33333333333331,-95.0,2876.56,2516.99,2157.42,grid-connected,0.0,1.0,5500,5500,0.1,
2022-06-16 01:10:00,7188.5615,7075.97,-221.66666666666666,-158.33333333333331,-95.0,2919.452,2554.5205,2189.589,grid-connected,0.0,1.0,5500,5500,0.1,
2022-06-16 01:15:00,7254.931999999999,7188.561499999961,-221.66666666666666,-158.33333333333331,-95.0,2944.736,2576.644,2208.5519999999997,grid-connected,0.0,1.0,5500,5500,0.1,
2022-06-16 01:20:00,7329.629000000001,7254.93199999998,-221.66666666666666,-158.33333333333331,-95.0,2973.192,2601.543,2229.8940000000002,grid-connected,0.0,1.0,5500,5500,0.1,
2022-06-16 01:25:00,7390.066999999999,7329.62899999996,-221.66666666666666,-158.33333333333331,-95.0,2996.216,2621.689,2247.162,grid-connected,0.0,1.0,5500,5500,0.1,
2022-06-16 01:30:00,7415.078,7390.06699999998,-221.66666666666666,-158.33333333333331,-95.0,3005.744,2630.026,2254.308,grid-connected,0.0,1.0,5500,5500,0.1,
2022-06-16 01:35:00,7399.727000000001,7415.0780000000195,-221.66666666666666,-158.33333333333331,-95.0,2999.896,2624.909,2249.922,grid-connected,0.0,1.0,5500,5500,0.1,
2022-06-16 01:40:00,7375.545499999999,7399.72699999998,-221.66666666666666,-158.33333333333331,-95.0,2990.6839999999997,2616.8485,2243.013,grid-connected,0.0,1.0,5500,5500,0.1,
2022-06-16 01:45:00,7375.976000000001,7375.54550000002,-221.66666666666666,-158.33333333333331,-95.0,2990.848,2616.992,2243.136,grid-connected,0.0,1.0,5500,5500,0.1,
2022-06-16 01:50:00,7388.45,7375.97600000004,-221.66666666666666,-158.33333333333331,-95.0,2995.6,2621.15,2246.7,grid-connected,0.0,1.0,5500,5500,0.1,
2022-06-16 01:55:00,7392.471500000001,7388.45,-221.66666666666666,-158.33333333333331,-95.0,2997.132,2622.4905000000003,2247.849,grid-connected,0.0,1.0,5500,5500,0.1,
2022-06-16 02:00:00,7385.898499999999,7392.4714999999605,-221.66666666666666,-158.33333333333331,-95.0,2994.628,2620.2995,2245.971,grid-connected,0.0,1.0,5500,5500,0.1,
2022-06-16 02:05:00,7367.943499999999,7385.898500000039,-221.66666666666666,-158.33333333333331,-95.0,2987.788,2614.3145,2240.841,grid-connected,0.0,1.0,5500,5500,0.1,
2022-06-16 02:10:00,7339.656500000001,7367.943500000039,-221.66666666666666,-158.33333333333331,-95.0,2977.012,2604.8855000000003,2232.759,grid-connected,0.0,1.0,5500,5500,0.1,
2022-06-16 02:15:00,7309.164500000001,7339.65649999996,-221.66666666666666,-158.33333333333331,-95.0,2965.396,2594.7215,2224.047,grid-connected,0.0,1.0,5500,5500,0.1,
2022-06-16 02:20:00,7272.362,7309.16449999998,-221.66666666666666,-158.33333333333331,-95.0,2951.376,2582.454,2213.532,grid-connected,0.0,1.0,5500,5500,0.1,
2022-06-16 02:25:00,7224.188,7272.36199999998,-221.66666666666666,-158.33333333333331,-95.0,2933.024,2566.396,2199.768,grid-connected,0.0,1.0,5500,5500,0.1,
2022-06-16 02:30:00,7186.451,7224.18800000002,-221.66666666666666,-158.33333333333331,-95.0,2918.648,2553.817,2188.986,grid-connected,0.0,1.0,5500,5500,0.1,
2022-06-16 02:35:00,7179.300499999999,7186.45100000004,-221.66666666666666,-158.33333333333331,-95.0,2915.924,2551.4335,2186.9429999999998,grid-connected,0.0,1.0,5500,5500,0.1,
2022-06-16 02:40:00,7172.8640000000005,7179.30050000002,-221.66666666666666,-158.33333333333331,-95.0,2913.472,2549.288,2185.1040000000003,grid-connected,0.0,1.0,5500,5500,0.1,
2022-06-16 02:45:00,7131.3994999999995,7172.8639999999605,-221.66666666666666,-158.33333333333331,-95.0,2897.676,2535.4665,2173.257,grid-connected,0.0,1.0,5500,5500,0.1,
2022-06-16 02:50:00,7075.3925,7131.39949999998,-221.66666666666666,-158.33333333333331,-95.0,2876.3399999999997,2516.7975,2157.255,grid-connected,0.0,1.0,5500,5500,0.1,
2022-06-16 02:55:00,7026.368,7075.3925,-221.66666666666666,-158.33333333333331,-95.0,2857.664,2500.456,2143.248,grid-connected,0.0,1.0,5500,5500,0.1,
2022-06-16 03:00:00,6983.3285000000005,7026.3680000000195,-221.66666666666666,-158.33333333333331,-95.0,2841.268,2486.1095,2130.951,grid-connected,0.0,1.0,5500,5500,0.1,
2022-06-16 03:05:00,6898.1105,6983.32850000004,-221.66666666666666,-158.33333333333331,-95.0,2808.8039999999996,2457.7035,2106.603,grid-connected,0.0,1.0,5500,5500,0.1,
2022-06-16 03:10:00,6802.413500000001,6898.11050000002,-221.66666666666666,-158.33333333333331,-95.0,2772.348,2425.8045,2079.261,grid-connected,0.0,1.0,5500,5500,0.1,
2022-06-16 03:15:00,7057.808999999999,6802.41350000004,-70.0,-50.0,-30.0,2745.832,2402.603,2059.3740000000003,grid-connected,0.0,1.0,5500,5500,0.1,
2022-06-16 03:20:00,7008.123,7057.80899999996,-70.0,-50.0,-30.0,2726.904,2386.041,2045.178,grid-connected,0.0,1.0,5500,5500,0.1,
2022-06-16 03:25:00,6953.648999999999,7008.12300000002,-70.0,-50.0,-30.0,2706.152,2367.883,2029.6139999999998,grid-connected,0.0,1.0,5500,5500,0.1,
2022-06-16 03:30:00,6886.743,6953.64899999996,-70.0,-50.0,-30.0,2680.664,2345.581,2010.498,grid-connected,0.0,1.0,5500,5500,0.1,
2022-06-16 03:35:00,6791.570999999999,6886.7430000000195,-70.0,-50.0,-30.0,2644.408,2313.857,1983.3059999999998,grid-connected,0.0,1.0,5500,5500,0.1,
2022-06-16 03:40:00,6410.841,6791.57100000004,-70.0,-50.0,-30.0,2499.368,2186.947,1874.526,grid-connected,0.0,1.0,5500,5500,0.1,
2022-06-16 03:45:00,5664.06,6410.8410000000395,-70.0,-50.0,-30.0,2214.88,1938.02,1661.16,grid-connected,0.0,1.0,5500,5500,0.1,
2022-06-16 03:50:00,4738.379999999999,5664.06,-70.0,-50.0,-30.0,1862.2399999999998,1629.4599999999998,1396.6799999999998,grid-connected,0.0,1.0,5500,5500,0.1,
2022-06-16 03:55:00,4046.7555,4738.38,-70.0,-50.0,-30.0,1598.7640000000001,1398.9185,1199.073,grid-connected,0.0,1.0,5500,5500,0.1,
2022-06-16 04:00:00,4087.695,4046.7555000000198,-70.0,-50.0,-30.0,1614.3600000000001,1412.565,1210.77,grid-connected,0.0,1.0,5500,5500,0.1,
2022-06-16 04:05:00,4766.7615,4087.695,-70.0,-50.0,-30.0,1873.052,1638.9205,1404.789,grid-connected,0.0,1.0,5500,5500,0.1,
2022-06-16 04:10:00,5529.933000000001,4766.7614999999605,-70.0,-50.0,-30.0,2163.784,1893.3110000000001,1622.8380000000002,grid-connected,0.0,1.0,5500,5500,0.1,
2022-06-16 04:15:00,5788.779,5529.93300000002,-70.0,-50.0,-30.0,2262.3920000000003,1979.593,1696.794,grid-connected,0.0,1.0,5500,5500,0.1,
2022-06-16 04:20:00,5787.2985,5788.77899999996,-70.0,-50.0,-30.0,2261.828,1979.0995,1696.3709999999999,grid-connected,0.0,1.0,5500,5500,0.1,
2022-06-16 04:25:00,5679.705,5787.29850000004,-70.0,-50.0,-30.0,2220.84,1943.235,1665.6299999999999,grid-connected,0.0,1.0,5500,5500,0.1,
2022-06-16 04:30:00,5147.649,5679.705,-70.0,-50.0,-30.0,2018.1520000000003,1765.883,1513.614,grid-connected,0.0,1.0,5500,5500,0.1,
2022-06-16 04:35:00,4065.3825,5147.64899999996,-70.0,-50.0,-30.0,1605.8600000000001,1405.1275,1204.395,grid-connected,0.0,1.0,5500,5500,0.1,
2022-06-16 04:40:00,2783.2065000000002,4065.3824999999006,-70.0,-50.0,-30.0,1117.412,977.7355000000001,838.0590000000001,grid-connected,0.0,1.0,5500,5500,0.1,
2022-06-16 04:45:00,1986.1829999999998,2783.20649999996,-70.0,-50.0,-30.0,813.784,712.0609999999999,610.338,grid-connected,0.0,1.0,5500,5500,0.1,
2022-06-16 04:50:00,1603.6889999999999,1986.1829999999206,-70.0,-50.0,-30.0,668.072,584.563,501.054,grid-connected,0.0,1.0,5500,5500,0.1,
2022-06-16 04:55:00,1428.6540000000002,1603.6889999999603,-70.0,-50.0,-30.0,601.392,526.2180000000001,451.04400000000004,grid-connected,0.0,1.0,5500,5500,0.1,
2022-06-16 05:00:00,1292.238,1428.6539999999602,-70.0,-50.0,-30.0,549.424,480.74600000000004,412.06800000000004,grid-connected,0.0,1.0,5500,5500,0.1,
2022-06-16 05:05:00,1214.6744999999999,1292.2379999999205,-70.0,-50.0,-30.0,519.876,454.8915,389.907,grid-connected,0.0,1.0,5500,5500,0.1,
2022-06-16 05:10:00,1140.2505,1214.6745000000794,-70.0,-50.0,-30.0,491.524,430.0835,368.64300000000003,grid-connected,0.0,1.0,5500,5500,0.1,
2022-06-16 05:15:00,1071.9270000000001,1140.2504999999205,-70.0,-50.0,-30.0,465.49600000000004,407.309,349.122,grid-connected,0.0,1.0,5500,5500,0.1,
2022-06-16 05:20:00,923.121,1071.9270000000795,-70.0,-50.0,-30.0,408.808,357.707,306.606,grid-connected,0.0,1.0,5500,5500,0.1,
2022-06-16 05:25:00,655.4549999999999,923.1210000000398,-70.0,-50.0,-30.0,306.84,268.485,230.13,grid-connected,0.0,1.0,5500,5500,0.1,
2022-06-16 05:30:00,524.898,655.455,-70.0,-50.0,-30.0,257.104,224.966,192.828,grid-connected,0.0,1.0,5500,5500,0.1,
2022-06-16 05:35:00,653.8905000000001,524.8979999999206,-70.0,-50.0,-30.0,306.244,267.9635,229.68300000000002,grid-connected,0.0,1.0,5500,5500,0.1,
2022-06-16 05:40:00,884.5964999999999,653.8904999999205,-70.0,-50.0,-30.0,394.132,344.8655,295.599,grid-connected,0.0,1.0,5500,5500,0.1,
2022-06-16 05:45:00,939.501,884.5964999999603,-70.0,-50.0,-30.0,415.04799999999994,363.167,311.286,grid-connected,0.0,1.0,5500,5500,0.1,
2022-06-16 05:50:00,841.2735,939.5010000000398,-70.0,-50.0,-30.0,377.62800000000004,330.4245,283.221,grid-connected,0.0,1.0,5500,5500,0.1,
2022-06-16 05:55:00,687.774,841.2735000000397,-70.0,-50.0,-30.0,319.152,279.258,239.364,grid-connected,0.0,1.0,5500,5500,0.1,
2022-06-16 06:00:00,608.226,687.7739999999602,-70.0,-50.0,-30.0,288.848,252.742,216.636,grid-connected,0.0,1.0,5500,5500,0.1,
2022-06-16 06:05:00,591.7515,608.2260000000398,-70.0,-50.0,-30.0,282.572,247.2505,211.929,grid-connected,0.0,1.0,5500,5500,0.1,
2022-06-16 06:10:00,544.365,591.7514999999603,-70.0,-50.0,-30.0,264.52,231.45499999999998,198.39,grid-connected,0.0,1.0,5500,5500,0.1,
2022-06-16 06:15:00,390.04650000000004,544.365,-70.0,-50.0,-30.0,205.732,180.0155,154.299,grid-connected,0.0,1.0,5500,5500,0.1,
2022-06-16 06:20:00,217.20600000000002,390.04649999996025,-70.0,-50.0,-30.0,139.888,122.40200000000002,104.91600000000001,grid-connected,0.0,1.0,5500,5500,0.1,
2022-06-16 06:25:00,103.61699999999998,217.20600000003972,-70.0,-50.0,-30.0,96.616,84.53899999999999,72.46199999999999,grid-connected,0.0,1.0,5500,5500,0.1,
2022-06-16 06:30:00,32.77349999999999,103.61700000007947,-70.0,-50.0,-30.0,69.628,60.924499999999995,52.221,grid-connected,0.0,1.0,5500,5500,0.1,
2022-06-16 06:35:00,-28.578000000000003,32.77350000003974,-70.0,-50.0,-30.0,46.256,40.474,34.692,grid-connected,0.0,1.0,5500,5500,0.1,
2022-06-16 06:40:00,-86.85300000000001,0.0,-70.0,-50.0,-30.0,24.056,21.049,18.042,grid-connected,0.0,0.9995669999999999,5497.6185,5500,0.1,
2022-06-16 06:45:00,-138.86999999999998,0.0,-70.0,-50.0,-30.0,4.24,3.71,3.1799999999999997,grid-connected,0.0,0.9982510454545453,5490.380749999999,5500,0.1,
2022-06-16 06:50:00,-150.0,0.0,-70.0,-50.0,-30.0,0.0,0.0,0.0,grid-connected,0.0,0.9961469545454544,5478.808249999999,5500,0.1,
2022-06-16 06:55:00,-150.0,0.0,-70.0,-50.0,-30.0,0.0,0.0,0.0,grid-connected,0.0,0.9938742272727271,5466.308249999999,5500,0.1,
2022-06-16 07:00:00,-150.0,0.0,-70.0,-50.0,-30.0,0.0,0.0,0.0,grid-connected,0.0,0.9916014999999998,5453.808249999999,5500,0.1,
2022-06-16 07:05:00,-150.0,0.0,-70.0,-50.0,-30.0,0.0,0.0,0.0,grid-connected,0.0,0.9893287727272726,5441.308249999999,5500,0.1,
2022-06-16 07:10:00,-150.0,0.0,-70.0,-50.0,-30.0,0.0,0.0,0.0,grid-connected,0.0,0.9870560454545453,5428.808249999999,5500,0.1,
2022-06-16 07:15:00,-150.0,0.0,-70.0,-50.0,-30.0,0.0,0.0,0.0,grid-connected,0.0,0.9847833181818181,5416.308249999999,5500,0.1,
2022-06-16 07:20:00,-150.0,0.0,-70.0,-50.0,-30.0,0.0,0.0,0.0,grid-connected,0.0,0.9825105909090908,5403.808249999999,5500,0.1,
2022-06-16 07:25:00,-150.0,0.0,-70.0,-50.0,-30.0,0.0,0.0,0.0,grid-connected,0.0,0.9802378636363634,5391.308249999999,5500,0.1,
2022-06-16 07:30:00,-150.0,0.0,-70.0,-50.0,-30.0,0.0,0.0,0.0,grid-connected,0.0,0.9779651363636362,5378.808249999999,5500,0.1,
2022-06-16 07:35:00,-150.0,0.0,-70.0,-50.0,-30.0,0.0,0.0,0.0,grid-connected,0.0,0.9756924090909089,5366.308249999999,5500,0.1,
2022-06-16 07:40:00,-150.0,0.0,-70.0,-50.0,-30.0,0.0,0.0,0.0,grid-connected,0.0,0.9734196818181816,5353.808249999999,5500,0.1,
2022-06-16 07:45:00,-150.0,0.0,-70.0,-50.0,-30.0,0.0,0.0,0.0,grid-connected,0.0,0.9711469545454544,5341.308249999999,5500,0.1,
2022-06-16 07:50:00,-150.0,0.0,-70.0,-50.0,-30.0,0.0,0.0,0.0,grid-connected,0.0,0.9688742272727271,5328.808249999999,5500,0.1,
2022-06-16 07:55:00,-150.0,0.0,-70.0,-50.0,-30.0,0.0,0.0,0.0,grid-connected,0.0,0.9666014999999999,5316.308249999999,5500,0.1,
2022-06-16 08:00:00,-150.0,0.0,-70.0,-50.0,-30.0,0.0,0.0,0.0,grid-connected,0.0,0.9643287727272726,5303.808249999999,5500,0.1,
2022-06-16 08:05:00,-150.0,0.0,-70.0,-50.0,-30.0,0.0,0.0,0.0,grid-connected,0.0,0.9620560454545453,5291.308249999999,5500,0.1,
2022-06-16 08:10:00,-150.0,0.0,-70.0,-50.0,-30.0,0.0,0.0,0.0,grid-connected,0.0,0.9597833181818181,5278.808249999999,5500,0.1,
2022-06-16 08:15:00,-150.0,0.0,-70.0,-50.0,-30.0,0.0,0.0,0.0,grid-connected,0.0,0.9575105909090907,5266.308249999999,5500,0.1,
2022-06-16 08:20:00,-150.0,0.0,-70.0,-50.0,-30.0,0.0,0.0,0.0,grid-connected,0.0,0.9552378636363634,5253.808249999999,5500,0.1,
2022-06-16 08:25:00,-150.0,0.0,-70.0,-50.0,-30.0,0.0,0.0,0.0,grid-connected,0.0,0.9529651363636362,5241.308249999999,5500,0.1,
2022-06-16 08:30:00,-150.0,0.0,-70.0,-50.0,-30.0,0.0,0.0,0.0,grid-connected,0.0,0.9506924090909089,5228.808249999999,5500,0.1,
2022-06-16 08:35:00,-150.0,0.0,-70.0,-50.0,-30.0,0.0,0.0,0.0,grid-connected,0.0,0.9484196818181817,5216.308249999999,5500,0.1,
2022-06-16 08:40:00,-150.0,0.0,-70.0,-50.0,-30.0,0.0,0.0,0.0,grid-connected,0.0,0.9461469545454544,5203.808249999999,5500,0.1,
2022-06-16 08:45:00,-150.0,0.0,-70.0,-50.0,-30.0,0.0,0.0,0.0,grid-connected,0.0,0.9438742272727271,5191.308249999999,5500,0.1,
2022-06-16 08:50:00,-150.0,0.0,-70.0,-50.0,-30.0,0.0,0.0,0.0,grid-connected,0.0,0.9416014999999999,5178.808249999999,5500,0.1,
2022-06-16 08:55:00,-150.0,0.0,-70.0,-50.0,-30.0,0.0,0.0,0.0,grid-connected,0.0,0.9393287727272726,5166.308249999999,5500,0.1,
2022-06-16 09:00:00,-150.0,0.0,-70.0,-50.0,-30.0,0.0,0.0,0.0,grid-connected,0.0,0.9370560454545453,5153.808249999999,5500,0.1,
2022-06-16 09:05:00,-150.0,0.0,-70.0,-50.0,-30.0,0.0,0.0,0.0,grid-connected,0.0,0.934783318181818,5141.308249999999,5500,0.1,
2022-06-16 09:10:00,-150.0,0.0,-70.0,-50.0,-30.0,0.0,0.0,0.0,grid-connected,0.0,0.9325105909090907,5128.808249999999,5500,0.1,
2022-06-16 09:15:00,-150.0,0.0,-70.0,-50.0,-30.0,0.0,0.0,0.0,grid-connected,0.0,0.9302378636363635,5116.308249999999,5500,0.1,
2022-06-16 09:20:00,-150.0,0.0,-70.0,-50.0,-30.0,0.0,0.0,0.0,grid-connected,0.0,0.9279651363636362,5103.808249999999,5500,0.1,
2022-06-16 09:25:00,-150.0,0.0,-70.0,-50.0,-30.0,0.0,0.0,0.0,grid-connected,0.0,0.9256924090909089,5091.308249999999,5500,0.1,
2022-06-16 09:30:00,-150.0,0.0,-70.0,-50.0,-30.0,0.0,0.0,0.0,grid-connected,0.0,0.9234196818181817,5078.808249999999,5500,0.1,
2022-06-16 09:35:00,-150.0,0.0,-70.0,-50.0,-30.0,0.0,0.0,0.0,grid-connected,0.0,0.9211469545454544,5066.308249999999,5500,0.1,
2022-06-16 09:40:00,-150.0,0.0,-70.0,-50.0,-30.0,0.0,0.0,0.0,grid-connected,0.0,0.9188742272727272,5053.808249999999,5500,0.1,
2022-06-16 09:45:00,-150.0,0.0,-70.0,-50.0,-30.0,0.0,0.0,0.0,grid-connected,0.0,0.9166014999999998,5041.308249999999,5500,0.1,
2022-06-16 09:50:00,-150.0,0.0,-70.0,-50.0,-30.0,0.0,0.0,0.0,grid-connected,0.0,0.9143287727272725,5028.808249999999,5500,0.1,
2022-06-16 09:55:00,-150.0,0.0,-70.0,-50.0,-30.0,0.0,0.0,0.0,grid-connected,0.0,0.9120560454545453,5016.308249999999,5500,0.1,
2022-06-16 10:00:00,-150.0,0.0,-70.0,-50.0,-30.0,0.0,0.0,0.0,grid-connected,0.0,0.909783318181818,5003.808249999999,5500,0.1,
2022-06-16 10:05:00,-150.0,0.0,-70.0,-50.0,-30.0,0.0,0.0,0.0,grid-connected,0.0,0.9075105909090907,4991.308249999999,5500,0.1,
2022-06-16 10:10:00,-150.0,0.0,-70.0,-50.0,-30.0,0.0,0.0,0.0,grid-connected,0.0,0.9052378636363635,4978.808249999999,5500,0.1,
2022-06-16 10:15:00,-150.0,0.0,-70.0,-50.0,-30.0,0.0,0.0,0.0,grid-connected,0.0,0.9029651363636362,4966.308249999999,5500,0.1,
2022-06-16 10:20:00,-150.0,0.0,-70.0,-50.0,-30.0,0.0,0.0,0.0,grid-connected,0.0,0.900692409090909,4953.808249999999,5500,0.1,
2022-06-16 10:25:00,-150.0,0.0,-70.0,-50.0,-30.0,0.0,0.0,0.0,grid-connected,0.0,0.8984196818181817,4941.308249999999,5500,0.1,
2022-06-16 10:30:00,-150.0,0.0,-70.0,-50.0,-30.0,0.0,0.0,0.0,grid-connected,0.0,0.8961469545454543,4928.808249999999,5500,0.1,
2022-06-16 10:35:00,-150.0,0.0,-70.0,-50.0,-30.0,0.0,0.0,0.0,grid-connected,0.0,0.8938742272727271,4916.308249999999,5500,0.1,
2022-06-16 10:40:00,-150.0,0.0,-70.0,-50.0,-30.0,0.0,0.0,0.0,grid-connected,0.0,0.8916014999999998,4903.808249999999,5500,0.1,
2022-06-16 10:45:00,-150.0,0.0,-70.0,-50.0,-30.0,0.0,0.0,0.0,grid-connected,0.0,0.8893287727272726,4891.308249999999,5500,0.1,
2022-06-16 10:50:00,-150.0,0.0,-70.0,-50.0,-30.0,0.0,0.0,0.0,grid-connected,0.0,0.8870560454545453,4878.808249999999,5500,0.1,
2022-06-16 10:55:00,-150.0,0.0,-70.0,-50.0,-30.0,0.0,0.0,0.0,grid-connected,0.0,0.884783318181818,4866.308249999999,5500,0.1,
2022-06-16 11:00:00,-150.0,0.0,-70.0,-50.0,-30.0,0.0,0.0,0.0,grid-connected,0.0,0.8825105909090908,4853.808249999999,5500,0.1,
2022-06-16 11:05:00,-150.0,0.0,-70.0,-50.0,-30.0,0.0,0.0,0.0,grid-connected,0.0,0.8802378636363635,4841.308249999999,5500,0.1,
2022-06-16 11:10:00,-150.0,0.0,-70.0,-50.0,-30.0,0.0,0.0,0.0,grid-connected,0.0,0.8779651363636362,4828.808249999999,5500,0.1,
2022-06-16 11:15:00,-150.0,0.0,-70.0,-50.0,-30.0,0.0,0.0,0.0,grid-connected,0.0,0.875692409090909,4816.308249999999,5500,0.1,
2022-06-16 11:20:00,-150.0,0.0,-70.0,-50.0,-30.0,0.0,0.0,0.0,grid-connected,0.0,0.8734196818181816,4803.808249999999,5500,0.1,
2022-06-16 11:25:00,-150.0,0.0,-70.0,-50.0,-30.0,0.0,0.0,0.0,grid-connected,0.0,0.8711469545454544,4791.308249999999,5500,0.1,
2022-06-16 11:30:00,-150.0,0.0,-70.0,-50.0,-30.0,0.0,0.0,0.0,grid-connected,0.0,0.8688742272727271,4778.808249999999,5500,0.1,
2022-06-16 11:35:00,-150.0,0.0,-70.0,-50.0,-30.0,0.0,0.0,0.0,grid-connected,0.0,0.8666014999999998,4766.308249999999,5500,0.1,
2022-06-16 11:40:00,-150.0,0.0,-70.0,-50.0,-30.0,0.0,0.0,0.0,grid-connected,0.0,0.8643287727272726,4753.808249999999,5500,0.1,
2022-06-16 11:45:00,-150.0,0.0,-70.0,-50.0,-30.0,0.0,0.0,0.0,grid-connected,0.0,0.8620560454545453,4741.308249999999,5500,0.1,
2022-06-16 11:50:00,-150.0,0.0,-70.0,-50.0,-30.0,0.0,0.0,0.0,grid-connected,0.0,0.8597833181818181,4728.808249999999,5500,0.1,
2022-06-16 11:55:00,-150.0,0.0,-70.0,-50.0,-30.0,0.0,0.0,0.0,grid-connected,0.0,0.8575105909090908,4716.308249999999,5500,0.1,
2022-06-16 12:00:00,-150.0,0.0,-70.0,-50.0,-30.0,0.0,0.0,0.0,grid-connected,0.0,0.8552378636363634,4703.808249999999,5500,0.1,
2022-06-16 12:05:00,-150.0,0.0,-70.0,-50.0,-30.0,0.0,0.0,0.0,grid-connected,0.0,0.8529651363636362,4691.308249999999,5500,0.1,
2022-06-16 12:10:00,-150.0,0.0,-70.0,-50.0,-30.0,0.0,0.0,0.0,grid-connected,0.0,0.8506924090909089,4678.808249999999,5500,0.1,
2022-06-16 12:15:00,-150.0,0.0,-70.0,-50.0,-30.0,0.0,0.0,0.0,grid-connected,0.0,0.8484196818181816,4666.308249999999,5500,0.1,
2022-06-16 12:20:00,-150.0,0.0,-70.0,-50.0,-30.0,0.0,0.0,0.0,grid-connected,0.0,0.8461469545454544,4653.808249999999,5500,0.1,
2022-06-16 12:25:00,-150.0,0.0,-70.0,-50.0,-30.0,0.0,0.0,0.0,grid-connected,0.0,0.8438742272727271,4641.308249999999,5500,0.1,
2022-06-16 12:30:00,-150.0,0.0,-70.0,-50.0,-30.0,0.0,0.0,0.0,grid-connected,0.0,0.8416014999999999,4628.808249999999,5500,0.1,
2022-06-16 12:35:00,-150.0,0.0,-70.0,-50.0,-30.0,0.0,0.0,0.0,grid-connected,0.0,0.8393287727272726,4616.308249999999,5500,0.1,
2022-06-16 12:40:00,-150.0,0.0,-70.0,-50.0,-30.0,0.0,0.0,0.0,grid-connected,0.0,0.8370560454545453,4603.808249999999,5500,0.1,
2022-06-16 12:45:00,-150.0,0.0,-70.0,-50.0,-30.0,0.0,0.0,0.0,grid-connected,0.0,0.8347833181818181,4591.308249999999,5500,0.1,
2022-06-16 12:50:00,-150.0,0.0,-70.0,-50.0,-30.0,0.0,0.0,0.0,grid-connected,0.0,0.8325105909090907,4578.808249999999,5500,0.1,
2022-06-16 12:55:00,-150.0,0.0,-70.0,-50.0,-30.0,0.0,0.0,0.0,grid-connected,0.0,0.8302378636363634,4566.308249999999,5500,0.1,
2022-06-16 13:00:00,-150.0,0.0,-70.0,-50.0,-30.0,0.0,0.0,0.0,grid-connected,0.0,0.8279651363636362,4553.808249999999,5500,0.1,
2022-06-16 13:05:00,-150.0,0.0,-70.0,-50.0,-30.0,0.0,0.0,0.0,grid-connected,0.0,0.8256924090909089,4541.308249999999,5500,0.1,
2022-06-16 13:10:00,-150.0,0.0,-70.0,-50.0,-30.0,0.0,0.0,0.0,grid-connected,0.0,0.8234196818181817,4528.808249999999,5500,0.1,
2022-06-16 13:15:00,-150.0,0.0,-70.0,-50.0,-30.0,0.0,0.0,0.0,grid-connected,0.0,0.8211469545454544,4516.308249999999,5500,0.1,
2022-06-16 13:20:00,-150.0,0.0,-70.0,-50.0,-30.0,0.0,0.0,0.0,grid-connected,0.0,0.8188742272727271,4503.808249999999,5500,0.1,
2022-06-16 13:25:00,-150.0,0.0,-70.0,-50.0,-30.0,0.0,0.0,0.0,grid-connected,0.0,0.8166014999999999,4491.308249999999,5500,0.1,
2022-06-16 13:30:00,-150.0,0.0,-70.0,-50.0,-30.0,0.0,0.0,0.0,grid-connected,0.0,0.8143287727272726,4478.808249999999,5500,0.1,
2022-06-16 13:35:00,-150.0,0.0,-70.0,-50.0,-30.0,0.0,0.0,0.0,grid-connected,0.0,0.8120560454545453,4466.308249999999,5500,0.1,
2022-06-16 13:40:00,-150.0,0.0,-70.0,-50.0,-30.0,0.0,0.0,0.0,grid-connected,0.0,0.809783318181818,4453.808249999999,5500,0.1,
2022-06-16 13:45:00,-150.0,0.0,-70.0,-50.0,-30.0,0.0,0.0,0.0,grid-connected,0.0,0.8075105909090907,4441.308249999999,5500,0.1,
2022-06-16 13:50:00,-150.0,0.0,-70.0,-50.0,-30.0,0.0,0.0,0.0,grid-connected,0.0,0.8052378636363635,4428.808249999999,5500,0.1,
2022-06-16 13:55:00,-150.0,0.0,-70.0,-50.0,-30.0,0.0,0.0,0.0,grid-connected,0.0,0.8029651363636362,4416.308249999999,5500,0.1,
2022-06-16 14:00:00,-150.0,0.0,-70.0,-50.0,-30.0,0.0,0.0,0.0,grid-connected,0.0,0.8006924090909089,4403.808249999999,5500,0.1,
2022-06-16 14:05:00,-150.0,0.0,-70.0,-50.0,-30.0,0.0,0.0,0.0,grid-connected,0.0,0.7984196818181817,4391.308249999999,5500,0.1,
2022-06-16 14:10:00,-150.0,0.0,-70.0,-50.0,-30.0,0.0,0.0,0.0,grid-connected,0.0,0.7961469545454544,4378.808249999999,5500,0.1,
2022-06-16 14:15:00,-150.0,0.0,-70.0,-50.0,-30.0,0.0,0.0,0.0,grid-connected,0.0,0.7938742272727272,4366.308249999999,5500,0.1,
2022-06-16 14:20:00,-150.0,0.0,-70.0,-50.0,-30.0,0.0,0.0,0.0,grid-connected,0.0,0.7916014999999998,4353.808249999999,5500,0.1,
2022-06-16 14:25:00,-150.0,0.0,-70.0,-50.0,-30.0,0.0,0.0,0.0,grid-connected,0.0,0.7893287727272725,4341.308249999999,5500,0.1,
2022-06-16 14:30:00,-150.0,0.0,-70.0,-50.0,-30.0,0.0,0.0,0.0,grid-connected,0.0,0.7870560454545453,4328.808249999999,5500,0.1,
2022-06-16 14:35:00,-150.0,0.0,-70.0,-50.0,-30.0,0.0,0.0,0.0,grid-connected,0.0,0.784783318181818,4316.308249999999,5500,0.1,
2022-06-16 14:40:00,-150.0,0.0,-70.0,-50.0,-30.0,0.0,0.0,0.0,grid-connected,0.0,0.7825105909090907,4303.808249999999,5500,0.1,
2022-06-16 14:45:00,-150.0,0.0,-70.0,-50.0,-30.0,0.0,0.0,0.0,grid-connected,0.0,0.7802378636363635,4291.308249999999,5500,0.1,
2022-06-16 14:50:00,-150.0,0.0,-70.0,-50.0,-30.0,0.0,0.0,0.0,grid-connected,0.0,0.7779651363636362,4278.808249999999,5500,0.1,
2022-06-16 14:55:00,-150.0,0.0,-70.0,-50.0,-30.0,0.0,0.0,0.0,grid-connected,0.0,0.775692409090909,4266.308249999999,5500,0.1,
2022-06-16 15:00:00,-150.0,0.0,-70.0,-50.0,-30.0,0.0,0.0,0.0,grid-connected,0.0,0.7734196818181817,4253.808249999999,5500,0.1,
2022-06-16 15:05:00,-150.0,0.0,-70.0,-50.0,-30.0,0.0,0.0,0.0,grid-connected,0.0,0.7711469545454543,4241.308249999999,5500,0.1,
2022-06-16 15:10:00,-150.0,0.0,-70.0,-50.0,-30.0,0.0,0.0,0.0,grid-connected,0.0,0.7688742272727271,4228.808249999999,5500,0.1,
2022-06-16 15:15:00,-150.0,0.0,-70.0,-50.0,-30.0,0.0,0.0,0.0,grid-connected,0.0,0.7666014999999998,4216.308249999999,5500,0.1,
2022-06-16 15:20:00,-150.0,0.0,-70.0,-50.0,-30.0,0.0,0.0,0.0,grid-connected,0.0,0.7643287727272726,4203.808249999999,5500,0.1,
2022-06-16 15:25:00,-150.0,0.0,-70.0,-50.0,-30.0,0.0,0.0,0.0,grid-connected,0.0,0.7620560454545453,4191.308249999999,5500,0.1,
2022-06-16 15:30:00,-150.0,0.0,-70.0,-50.0,-30.0,0.0,0.0,0.0,grid-connected,0.0,0.759783318181818,4178.808249999999,5500,0.1,
2022-06-16 15:35:00,-150.0,0.0,-70.0,-50.0,-30.0,0.0,0.0,0.0,grid-connected,0.0,0.7575105909090908,4166.308249999999,5500,0.1,
2022-06-16 15:40:00,-150.0,0.0,-70.0,-50.0,-30.0,0.0,0.0,0.0,grid-connected,0.0,0.7552378636363635,4153.808249999999,5500,0.1,
2022-06-16 15:45:00,-150.0,0.0,-70.0,-50.0,-30.0,0.0,0.0,0.0,grid-connected,0.0,0.7529651363636362,4141.308249999999,5500,0.1,
2022-06-16 15:50:00,-150.0,0.0,-70.0,-50.0,-30.0,0.0,0.0,0.0,grid-connected,0.0,0.750692409090909,4128.808249999999,5500,0.1,
2022-06-16 15:55:00,-150.0,0.0,-70.0,-50.0,-30.0,0.0,0.0,0.0,grid-connected,0.0,0.7484196818181816,4116.308249999999,5500,0.1,
2022-06-16 16:00:00,-150.0,0.0,-70.0,-50.0,-30.0,0.0,0.0,0.0,grid-connected,0.0,0.7461469545454544,4103.808249999999,5500,0.1,
2022-06-16 16:05:00,-150.0,0.0,-70.0,-50.0,-30.0,0.0,0.0,0.0,grid-connected,0.0,0.7438742272727271,4091.308249999999,5500,0.1,
2022-06-16 16:10:00,-150.0,0.0,-70.0,-50.0,-30.0,0.0,0.0,0.0,grid-connected,0.0,0.7416014999999998,4078.808249999999,5500,0.1,
2022-06-16 16:15:00,-150.0,0.0,-70.0,-50.0,-30.0,0.0,0.0,0.0,grid-connected,0.0,0.7393287727272726,4066.308249999999,5500,0.1,
2022-06-16 16:20:00,-150.0,0.0,-70.0,-50.0,-30.0,0.0,0.0,0.0,grid-connected,0.0,0.7370560454545453,4053.808249999999,5500,0.1,
2022-06-16 16:25:00,-150.0,0.0,-70.0,-50.0,-30.0,0.0,0.0,0.0,grid-connected,0.0,0.7347833181818181,4041.308249999999,5500,0.1,
2022-06-16 16:30:00,-150.0,0.0,-70.0,-50.0,-30.0,0.0,0.0,0.0,grid-connected,0.0,0.7325105909090908,4028.808249999999,5500,0.1,
2022-06-16 16:35:00,-150.0,0.0,-70.0,-50.0,-30.0,0.0,0.0,0.0,grid-connected,0.0,0.7302378636363634,4016.308249999999,5500,0.1,
2022-06-16 16:40:00,-150.0,0.0,-70.0,-50.0,-30.0,0.0,0.0,0.0,grid-connected,0.0,0.7279651363636362,4003.808249999999,5500,0.1,
2022-06-16 16:45:00,-150.0,0.0,-70.0,-50.0,-30.0,0.0,0.0,0.0,grid-connected,0.0,0.7256924090909089,3991.308249999999,5500,0.1,
2022-06-16 16:50:00,-150.0,0.0,-70.0,-50.0,-30.0,0.0,0.0,0.0,grid-connected,0.0,0.7234196818181816,3978.808249999999,5500,0.1,
2022-06-16 16:55:00,-150.0,0.0,-70.0,-50.0,-30.0,0.0,0.0,0.0,grid-connected,0.0,0.7211469545454544,3966.308249999999,5500,0.1,
2022-06-16 17:00:00,-150.0,0.0,-70.0,-50.0,-30.0,0.0,0.0,0.0,grid-connected,0.0,0.7188742272727271,3953.808249999999,5500,0.1,
2022-06-16 17:05:00,-150.0,0.0,-70.0,-50.0,-30.0,0.0,0.0,0.0,grid-connected,0.0,0.7166014999999999,3941.308249999999,5500,0.1,
2022-06-16 17:10:00,-150.0,0.0,-70.0,-50.0,-30.0,0.0,0.0,0.0,grid-connected,0.0,0.7143287727272726,3928.808249999999,5500,0.1,
2022-06-16 17:15:00,-150.0,0.0,-70.0,-50.0,-30.0,0.0,0.0,0.0,grid-connected,0.0,0.7120560454545453,3916.308249999999,5500,0.1,
2022-06-16 17:20:00,-150.0,0.0,-70.0,-50.0,-30.0,0.0,0.0,0.0,grid-connected,0.0,0.7097833181818181,3903.808249999999,5500,0.1,
2022-06-16 17:25:00,-150.0,0.0,-70.0,-50.0,-30.0,0.0,0.0,0.0,grid-connected,0.0,0.7075105909090907,3891.308249999999,5500,0.1,
2022-06-16 17:30:00,-150.0,0.0,-70.0,-50.0,-30.0,0.0,0.0,0.0,grid-connected,0.0,0.7052378636363634,3878.808249999999,5500,0.1,
2022-06-16 17:35:00,-150.0,0.0,-70.0,-50.0,-30.0,0.0,0.0,0.0,grid-connected,0.0,0.7029651363636362,3866.308249999999,5500,0.1,
2022-06-16 17:40:00,-150.0,0.0,-70.0,-50.0,-30.0,0.0,0.0,0.0,grid-connected,0.0,0.7006924090909089,3853.808249999999,5500,0.1,
2022-06-16 17:45:00,-150.0,0.0,-70.0,-50.0,-30.0,0.0,0.0,0.0,grid-connected,0.0,0.6984196818181817,3841.308249999999,5500,0.1,
2022-06-16 17:50:00,-150.0,0.0,-70.0,-50.0,-30.0,0.0,0.0,0.0,grid-connected,0.0,0.6961469545454544,3828.808249999999,5500,0.1,
2022-06-16 17:55:00,-150.0,0.0,-70.0,-50.0,-30.0,0.0,0.0,0.0,grid-connected,0.0,0.6938742272727271,3816.308249999999,5500,0.1,
2022-06-16 18:00:00,-150.0,0.0,-70.0,-50.0,-30.0,0.0,0.0,0.0,grid-connected,0.0,0.6916014999999999,3803.808249999999,5500,0.1,
2022-06-16 18:05:00,-150.0,0.0,-70.0,-50.0,-30.0,0.0,0.0,0.0,grid-connected,0.0,0.6893287727272726,3791.308249999999,5500,0.1,
2022-06-16 18:10:00,-150.0,0.0,-70.0,-50.0,-30.0,0.0,0.0,0.0,grid-connected,0.0,0.6870560454545453,3778.808249999999,5500,0.1,
2022-06-16 18:15:00,-150.0,0.0,-70.0,-50.0,-30.0,0.0,0.0,0.0,grid-connected,0.0,0.684783318181818,3766.308249999999,5500,0.1,
2022-06-16 18:20:00,-150.0,0.0,-70.0,-50.0,-30.0,0.0,0.0,0.0,grid-connected,0.0,0.6825105909090907,3753.808249999999,5500,0.1,
2022-06-16 18:25:00,-150.0,0.0,-70.0,-50.0,-30.0,0.0,0.0,0.0,grid-connected,0.0,0.6802378636363635,3741.308249999999,5500,0.1,
2022-06-16 18:30:00,-150.0,0.0,-70.0,-50.0,-30.0,0.0,0.0,0.0,grid-connected,0.0,0.6779651363636362,3728.808249999999,5500,0.1,
2022-06-16 18:35:00,-150.0,0.0,-70.0,-50.0,-30.0,0.0,0.0,0.0,grid-connected,0.0,0.6756924090909089,3716.308249999999,5500,0.1,
2022-06-16 18:40:00,-150.0,0.0,-70.0,-50.0,-30.0,0.0,0.0,0.0,grid-connected,0.0,0.6734196818181817,3703.808249999999,5500,0.1,
2022-06-16 18:45:00,-150.0,0.0,-70.0,-50.0,-30.0,0.0,0.0,0.0,grid-connected,0.0,0.6711469545454544,3691.308249999999,5500,0.1,
2022-06-16 18:50:00,-150.0,0.0,-70.0,-50.0,-30.0,0.0,0.0,0.0,grid-connected,0.0,0.6688742272727272,3678.808249999999,5500,0.1,
2022-06-16 18:55:00,-150.0,0.0,-70.0,-50.0,-30.0,0.0,0.0,0.0,grid-connected,0.0,0.6666014999999998,3666.308249999999,5500,0.1,
2022-06-16 19:00:00,-150.0,0.0,-70.0,-50.0,-30.0,0.0,0.0,0.0,grid-connected,0.0,0.6643287727272725,3653.808249999999,5500,0.1,
2022-06-16 19:05:00,-150.0,0.0,-70.0,-50.0,-30.0,0.0,0.0,0.0,grid-connected,0.0,0.6620560454545453,3641.308249999999,5500,0.1,
2022-06-16 19:10:00,-150.0,0.0,-70.0,-50.0,-30.0,0.0,0.0,0.0,grid-connected,0.0,0.659783318181818,3628.808249999999,5500,0.1,
2022-06-16 19:15:00,-150.0,0.0,-70.0,-50.0,-30.0,0.0,0.0,0.0,grid-connected,0.0,0.6575105909090907,3616.308249999999,5500,0.1,
2022-06-16 19:20:00,-150.0,0.0,-70.0,-50.0,-30.0,0.0,0.0,0.0,grid-connected,0.0,0.6552378636363635,3603.808249999999,5500,0.1,
2022-06-16 19:25:00,-475.0,0.0,-221.66666666666666,-158.33333333333331,-95.0,0.0,0.0,0.0,grid-connected,0.0,0.6529651363636362,3591.308249999999,5500,0.1,
2022-06-16 19:30:00,-475.0,0.0,-221.66666666666666,-158.33333333333331,-95.0,0.0,0.0,0.0,grid-connected,0.0,0.6457681666666665,3551.7249166666656,5500,0.1,
2022-06-16 19:35:00,-475.0,0.0,-221.66666666666666,-158.33333333333331,-95.0,0.0,0.0,0.0,grid-connected,0.0,0.6385711969696968,3512.141583333332,5500,0.1,
2022-06-16 19:40:00,-475.0,0.0,-221.66666666666666,-158.33333333333331,-95.0,0.0,0.0,0.0,grid-connected,0.0,0.6313742272727271,3472.5582499999987,5500,0.1,
2022-06-16 19:45:00,-475.0,0.0,-221.66666666666666,-158.33333333333331,-95.0,0.0,0.0,0.0,grid-connected,0.0,0.6241772575757573,3432.974916666665,5500,0.1,
2022-06-16 19:50:00,-475.0,0.0,-221.66666666666666,-158.33333333333331,-95.0,0.0,0.0,0.0,grid-connected,0.0,0.6169802878787876,3393.3915833333317,5500,0.1,
2022-06-16 19:55:00,-475.0,0.0,-221.66666666666666,-158.33333333333331,-95.0,0.0,0.0,0.0,grid-connected,0.0,0.6097833181818179,3353.808249999998,5500,0.1,
2022-06-16 20:00:00,-475.0,0.0,-221.66666666666666,-158.33333333333331,-95.0,0.0,0.0,0.0,grid-connected,0.0,0.6025863484848482,3314.2249166666647,5500,0.1,
2022-06-16 20:05:00,-475.0,0.0,-221.66666666666666,-158.33333333333331,-95.0,0.0,0.0,0.0,grid-connected,0.0,0.5953893787878785,3274.6415833333313,5500,0.1,
2022-06-16 20:10:00,-475.0,0.0,-221.66666666666666,-158.33333333333331,-95.0,0.0,0.0,0.0,grid-connected,0.0,0.5881924090909086,3235.0582499999978,5500,0.1,
2022-06-16 20:15:00,-475.0,0.0,-221.66666666666666,-158.33333333333331,-95.0,0.0,0.0,0.0,grid-connected,0.0,0.5809954393939389,3195.4749166666643,5500,0.1,
2022-06-16 20:20:00,-475.0,0.0,-221.66666666666666,-158.33333333333331,-95.0,0.0,0.0,0.0,grid-connected,0.0,0.5737984696969692,3155.891583333331,5500,0.1,
2022-06-16 20:25:00,-475.0,0.0,-221.66666666666666,-158.33333333333331,-95.0,0.0,0.0,0.0,grid-connected,0.0,0.5666014999999995,3116.3082499999973,5500,0.1,
2022-06-16 20:30:00,-475.0,0.0,-221.66666666666666,-158.33333333333331,-95.0,0.0,0.0,0.0,grid-connected,0.0,0.5594045303030298,3076.724916666664,5500,0.1,
2022-06-16 20:35:00,-475.0,0.0,-221.66666666666666,-158.33333333333331,-95.0,0.0,0.0,0.0,grid-connected,0.0,0.55220756060606,3037.1415833333303,5500,0.1,
2022-06-16 20:40:00,-475.0,0.0,-221.66666666666666,-158.33333333333331,-95.0,0.0,0.0,0.0,grid-connected,0.0,0.5450105909090903,2997.558249999997,5500,0.1,
2022-06-16 20:45:00,-475.0,0.0,-221.66666666666666,-158.33333333333331,-95.0,0.0,0.0,0.0,grid-connected,0.0,0.5378136212121206,2957.9749166666634,5500,0.1,
2022-06-16 20:50:00,-475.0,0.0,-221.66666666666666,-158.33333333333331,-95.0,0.0,0.0,0.0,grid-connected,0.0,0.5306166515151509,2918.39158333333,5500,0.1,
2022-06-16 20:55:00,-475.0,0.0,-221.66666666666666,-158.33333333333331,-95.0,0.0,0.0,0.0,grid-connected,0.0,0.5234196818181812,2878.8082499999964,5500,0.1,
2022-06-16 21:00:00,-475.0,0.0,-221.66666666666666,-158.33333333333331,-95.0,0.0,0.0,0.0,grid-connected,0.0,0.5162227121212114,2839.224916666663,5500,0.1,
2022-06-16 21:05:00,-440.791,0.0,-221.66666666666666,-158.33333333333331,-95.0,13.032,11.403,9.774000000000001,grid-connected,0.0,0.5090257424242417,2799.6415833333294,5500,0.1,
2022-06-16 21:10:00,-394.15,0.0,-221.66666666666666,-158.33333333333331,-95.0,30.8,26.95,23.1,grid-connected,0.0,0.5023470909090901,2762.908999999996,5500,0.1,
2022-06-16 21:15:00,-338.31100000000004,0.0,-221.66666666666666,-158.33333333333331,-95.0,52.072,45.563,39.054,grid-connected,0.0,0.4963751212121205,2730.0631666666627,5500,0.1,
2022-06-16 21:20:00,-260.86299999999994,0.0,-221.66666666666666,-158.33333333333331,-95.0,81.576,71.37899999999999,61.181999999999995,grid-connected,0.0,0.4912491969696962,2701.8705833333293,5500,0.1,
2022-06-16 21:25:00,-148.58649999999997,0.0,-221.66666666666666,-158.33333333333331,-95.0,124.348,108.8045,93.261,grid-connected,0.0,0.48729672727272655,2680.131999999996,5500,0.1,
2022-06-16 21:30:00,27.467000000000013,0.0,-221.66666666666666,-158.33333333333331,-95.0,191.416,167.489,143.562,grid-connected,0.0,0.4850454166666659,2667.7497916666625,5500,0.1,
2022-06-16 21:35:00,230.92549999999997,0.0,-221.66666666666666,-158.33333333333331,-95.0,268.924,235.3085,201.69299999999998,grid-connected,0.0,0.4854615833333326,2670.0387083333294,5500,0.1,
2022-06-16 21:40:00,462.68149999999997,0.0,-221.66666666666666,-158.33333333333331,-95.0,357.212,312.5605,267.909,grid-connected,0.0,0.48896045454545384,2689.282499999996,5500,0.1,
2022-06-16 21:45:00,719.0179999999999,0.0,-221.66666666666666,-158.33333333333331,-95.0,454.864,398.006,341.14799999999997,grid-connected,0.0,0.49597078030302966,2727.839291666663,5500,0.1,
2022-06-16 21:50:00,1004.5865000000001,0.0,-221.66666666666666,-158.33333333333331,-95.0,563.652,493.19550000000004,422.73900000000003,grid-connected,0.0,0.5068649924242418,2787.75745833333,5500,0.1,
2022-06-16 21:55:00,1321.8125,0.0,-221.66666666666666,-158.33333333333331,-95.0,684.5,598.9375,513.375,grid-connected,0.0,0.5220859999999994,2871.4729999999963,5500,0.1,
2022-06-16 22:00:00,1634.6704999999997,0.0,-221.66666666666666,-158.33333333333331,-95.0,803.684,703.2235,602.7629999999999,grid-connected,0.0,0.5421134621212115,2981.624041666663,5500,0.1,
2022-06-16 22:05:00,1901.9795,0.0,-221.66666666666666,-158.33333333333331,-95.0,905.516,792.3265,679.137,grid-connected,0.0,0.5668811969696963,3117.8465833333294,5500,0.1,
2022-06-16 22:10:00,2156.4785,0.0,-221.66666666666666,-158.33333333333331,-95.0,1002.468,877.1595,751.8509999999999,grid-connected,0.0,0.5956990681818175,3276.344874999996,5500,0.1,
2022-06-16 22:15:00,2453.0615000000003,0.0,-221.66666666666666,-158.33333333333331,-95.0,1115.452,976.0205000000001,836.589,grid-connected,0.0,0.6283729848484841,3456.0514166666626,5500,0.1,
2022-06-16 22:20:00,2763.0425000000005,0.0,-221.66666666666666,-158.33333333333331,-95.0,1233.5400000000002,1079.3475,925.1550000000001,grid-connected,0.0,0.6655405833333325,3660.4732083333292,5500,0.1,
2022-06-16 22:25:00,3030.3935,0.0,-221.66666666666666,-158.33333333333331,-95.0,1335.388,1168.4645,1001.541,grid-connected,0.0,0.7074048636363629,3890.726749999996,5500,0.1,
2022-06-16 22:30:00,3283.2335000000003,0.0,-221.66666666666666,-158.33333333333331,-95.0,1431.708,1252.7445,1073.781,grid-connected,0.0,0.753319916666666,4143.259541666663,5500,0.1,
2022-06-16 22:35:00,3574.4615,0.0,-221.66666666666666,-158.33333333333331,-95.0,1542.6519999999998,1349.8204999999998,1156.989,grid-connected,0.0,0.8030658787878779,4416.862333333329,5500,0.1,
2022-06-16 22:40:00,3843.0935,0.0,-221.66666666666666,-158.33333333333331,-95.0,1644.9879999999998,1439.3645,1233.741,grid-connected,0.0,0.8572243863636355,4714.734124999995,5500,0.1,
2022-06-16 22:45:00,4105.7195,0.0,-221.66666666666666,-158.33333333333331,-95.0,1745.036,1526.9065,1308.777,grid-connected,0.0,0.915453075757575,5034.991916666662,5500,0.1,
2022-06-16 22:50:00,4323.646999999999,0.0,-221.66666666666666,-158.33333333333331,-95.0,1828.0559999999998,1599.549,1371.042,grid-connected,0.0,0.9776609469696961,5377.135208333329,5500,0.1,
2022-06-16 22:55:00,4472.9045,2849.2694999998807,-221.66666666666666,-158.33333333333331,-95.0,1884.916,1649.3015,1413.6870000000001,grid-connected,0.0,1.0,5500,5500,0.1,
2022-06-16 23:00:00,4601.414000000001,4472.90450000008,-221.66666666666666,-158.33333333333331,-95.0,1933.872,1692.138,1450.404,grid-connected,0.0,1.0,5500,5500,0.1,
2022-06-16 23:05:00,4772.0285,4601.413999999961,-221.66666666666666,-158.33333333333331,-95.0,1998.8680000000002,1749.0095000000001,1499.151,grid-connected,0.0,1.0,5500,5500,0.1,
2022-06-16 23:10:00,4974.5,4772.0285000000395,-221.66666666666666,-158.33333333333331,-95.0,2076.0,1816.5,1557.0,grid-connected,0.0,1.0,5500,5500,0.1,
2022-06-16 23:15:00,5173.16,4974.5,-221.66666666666666,-158.33333333333331,-95.0,2151.68,1882.7199999999998,1613.7599999999998,grid-connected,0.0,1.0,5500,5500,0.1,
2022-06-16 23:20:00,5332.6235,5173.16,-221.66666666666666,-158.33333333333331,-95.0,2212.428,1935.8745000000001,1659.3210000000001,grid-connected,0.0,1.0,5500,5500,0.1,
2022-06-16 23:25:00,5433.906499999999,5332.62350000004,-221.66666666666666,-158.33333333333331,-95.0,2251.0119999999997,1969.6354999999999,1688.2589999999998,grid-connected,0.0,1.0,5500,5500,0.1,
2022-06-16 23:30:00,5519.639,5433.90649999996,-221.66666666666666,-158.33333333333331,-95.0,2283.672,1998.2130000000002,1712.7540000000001,grid-connected,0.0,1.0,5500,5500,0.1,
2022-06-16 23:35:00,5640.8825,5519.63899999996,-221.66666666666666,-158.33333333333331,-95.0,2329.86,2038.6275,1747.395,grid-connected,0.0,1.0,5500,5500,0.1,
2022-06-16 23:40:00,5789.5205,5640.8825,-221.66666666666666,-158.33333333333331,-95.0,2386.484,2088.1735,1789.8629999999998,grid-connected,0.0,1.0,5500,5500,0.1,
2022-06-16 23:45:00,5942.201,5789.5204999999205,-221.66666666666666,-158.33333333333331,-95.0,2444.648,2139.067,1833.4859999999999,grid-connected,0.0,1.0,5500,5500,0.1,
2022-06-16 23:50:00,6083.825,5942.20100000004,-221.66666666666666,-158.33333333333331,-95.0,2498.6000000000004,2186.275,1873.95,grid-connected,0.0,1.0,5500,5500,0.1,
2022-06-16 23:55:00,6210.7805,6083.825,-221.66666666666666,-158.33333333333331,-95.0,2546.964,2228.5935,1910.223,grid-connected,0.0,1.0,5500,5500,0.1,
